,caseid,gender,race,c1rrscal,c1rrttsco,c1rmscal,c1rmtsco,c1rgscal,c1rgtsco,c1fmotor,c1gmotor,c2rrscal,c2rrtsco,c2rmscal,c2rmtsco,c2rgscal,c2rgtsco,c3rrscal,c3rrtsco,c3rmscal,c3rmtsco,c3rgscal,c3rgtsco,c4rrscal,c4rrtsco,c4rmscal,c4rmtsco,c4rgscal,c4rgtsco,p1learn,p1contro,p1social,t1learn,t1contro,t1interp,t1extern,t1intern,p1center,p1disabl,p1htotal,p1hfamil,p1firkdg,p1hrsprk,wkmomed,wkdaded,wklangst,wksesl,wksesq5,s2kpupri,p1count,lower.az1.,p1pencil,p1still,p1letter,p1verbal,p1expect,p1readbo,p1tellst,p1singso,p1helpar,p1chores,p1games,p1nature,p1build,p1sport,p1chlboo,p1chsesa,p2librar,p2safepl,p2garbag,p2drug,p2burglr,p2violen,p2vacant,p2bktog,ses_orig,rv
1,960,2,1,28,58,30,63,22,51,5,8,41,59,32,56,26,50,57,63,43,61,33,54,78,65,56,63,38,54,4,2.4,4,3,3,3,1.2,1,2,2,4,1,1,0,4,4,2,44,3,1,3,1,3,2,2,1,5,4,4,4,4,4,4,2,4,3,100,1,1,3,3,3,3,3,3,7,-0.14,0.92
2,113,1,8,14,39,14,43,20,48,5,6,32,51,30,54,27,50,29,43,31,50,31,52,52,49,44,52,33,48,2.83,2.2,2.67,3.83,2.67,3.6,1.4,1,2,2,5,1,1,18,2,2,2,37,1,1,2,1,1,2,1,1,2,3,3,4,3,3,4,2,3,4,15,1,2,3,3,3,3,3,3,7,-0.84,0.87
3,1828,1,1,22,50,15,45,14,40,5,2,25,43,20,43,16,36,41,54,28,47,15,31,64,56,38,46,23,37,2.67,2.6,3.33,3.33,2.75,3.2,2.4,2,1,1,4,1,1,26,5,5,2,51,4,1,3,2,3,3,3,2,6,4,2,3,2,4,2,1,4,2,100,1,1,3,3,3,3,3,3,7,0.55,0.22
4,1693,1,1,21,50,27,61,24,54,9,4,31,50,27,51,29,52,33,47,34,52,33,53,48,46,38,46,40,57,2.83,3.4,3.33,4,4,4,1,1,1,2,5,1,1,5,5,3,2,50,4,1,3,2,3,3,3,2,4,3,2,2,3,3,2,2,2,4,100,2,1,3,3,3,3,3,3,7,0.5,0.77
5,643,2,1,14,39,9,30,32,62,4,6,24,42,20,43,35,60,29,43,25,43,43,67,27,27,30,38,44,63,3.33,3.2,3.33,2,2.25,1.8,2.2,1,2,2,6,1,1,0,4,2,2,42,3,1,4,2,3,3,4,2,4,3,3,2,4,3,2,3,2,1,150,2,1,3,3,3,3,3,3,7,-0.26,0.77
6,772,1,1,21,49,15,45,18,46,7,2,32,51,32,55,31,55,37,51,37,55,29,48,52,49,41,49,38,55,3.67,3.4,2.67,2.17,3.25,3,1.6,1,1,2,4,1,1,15,4,3,2,43,3,1,2,2,2,2,2,3,3,2,2,4,2,4,3,2,3,3,100,1,1,3,3,3,3,3,3,7,-0.22,0.82
7,1504,1,3,78,88,37,70,40,73,7,4,75,77,38,61,41,68,82,78,36,55,46,73,85,71,46,54,47,71,2.83,2.8,4,3.33,3,3,1.8,1.5,1,2,5,1,1,30,3,4,2,48,4,2,1,2,2,2,2,2,4,3,2,3,2,2,2,1,2,2,40,1,2,3,3,3,3,3,3,1,0.28,0.55
8,858,2,1,22,51,19,51,40,72,7,8,34,53,33,57,42,69,36,51,38,56,42,65,58,53,50,57,44,63,4,3.2,4,4,4,4,1,1,1,2,5,1,1,8,3,6,2,44,3,2,2,2,2,2,2,2,4,4,3,4,3,4,4,3,3,3,100,1,2,3,3,3,3,3,3,7,-0.11,0.36
9,1598,1,1,25,55,19,51,20,49,3,1,34,53,30,54,22,44,35,50,40,58,30,49,58,52,49,56,42,60,2.83,2.8,3.33,2.83,3.33,3.4,1.2,1.5,1,1,4,1,1,14,6,2,2,49,4,1,3,2,2,2,2,2,4,3,2,2,2,4,4,1,2,4,50,2,2,3,3,3,3,3,3,7,0.35,0.79
10,1402,2,5,25,55,17,48,14,40,6,7,41,59,31,55,17,38,55,62,39,57,23,42,69,59,45,53,28,42,3.33,2,2.67,3,3.33,2.8,1.4,1,1,2,4,1,1,35,6,5,1,47,4,1,2,2,2,5,5,2,4,4,4,4,4,2,4,4,4,4,200,1,1,3,3,3,3,3,3,2,0.2,0.93
11,2259,2,1,28,58,33,66,35,65,7,7,39,57,38,61,38,64,50,59,52,68,44,69,70,60,54,61,46,67,3.33,3,4,3.83,3.67,3.75,1.2,1.75,1,2,4,1,1,0,6,8,2,57,5,1,2,1,1,1,2,1,4,4,3,4,2,3,2,2,1,2,100,1,1,3,3,3,3,3,3,6,1.19,0.03
12,1814,2,1,34,64,30,63,26,55,9,8,36,55,36,59,26,49,43,56,49,65,35,55,71,60,57,64,38,55,3.67,2.8,3,4,3.33,3.4,1,1.5,2,2,5,1,1,0,6,6,2,51,5,2,3,2,2,2,3,2,4,3,4,2,4,4,3,2,1,3,100,1,2,3,3,3,3,3,3,6,0.64,0.95
13,1878,1,1,28,58,20,52,29,59,6,6,35,54,33,57,34,58,40,53,36,54,39,61,52,49,40,48,41,58,3.67,3,3.33,2.17,2.33,2.4,2,1,1,2,5,1,1,45,7,7,2,52,5,1,2,1,1,1,2,1,4,4,3,4,4,3,3,4,4,3,50,1,1,3,3,3,3,3,3,7,0.74,0.68
14,2389,2,1,32,62,23,56,31,61,5,8,40,58,32,56,36,61,45,57,37,56,41,63,71,60,49,56,46,68,3.33,3,3.67,3.83,3.75,3.6,1,2,1,2,4,1,1,40,8,6,2,59,5,1,2,1,1,1,2,1,6,4,3,4,2,3,3,2,2,2,200,2,1,3,3,3,3,3,3,7,1.38,0.41
15,1167,1,3,23,52,26,60,28,58,4,8,39,57,34,58,31,56,46,57,38,56,34,54,61,54,48,55,39,56,2.67,2.8,3.33,3,3.25,3,1.6,1.25,1,2,4,1,1,30,5,5,2,46,3,2,3,2,2,2,2,2,5,2,2,4,2,2,2,2,2,2,20,1,1,2,3,3,2,3,3,3,0.06,0.05
16,1513,1,2,33,63,20,53,24,54,8,6,38,57,28,52,33,58,51,60,42,60,39,61,59,53,43,51,38,54,3.5,3.4,4,2.83,3.25,3,1.6,1.25,1,2,8,1,1,48,6,6,2,48,4,1,3,1,1,1,3,1,6,3,3,4,3,4,3,2,3,4,100,1,1,2,3,3,3,3,3,7,0.27,0.34
17,2102,2,1,23,53,23,56,30,60,7,6,30,50,31,55,32,56,35,50,34,53,35,56,53,50,50,57,38,55,3.17,3.25,3.67,3.5,3.67,3.5,1,1.67,1,2,5,1,1,8,6,5,2,54,5,1,2,1,2,2,2,2,4,4,4,3,3,4,3,2,2,3,200,1,1,3,3,3,3,3,3,1,0.86,0.72
18,574,1,2,26,56,30,63,26,56,7,8,54,66,45,67,32,56,68,68,46,63,36,57,79,66,56,63,40,57,3,3,3.67,3,3.25,3.2,1.4,1,1,2,5,1,1,32,5,3,1,42,2,2,2,2,2,2,2,2,6,3,3,4,2,4,3,1,2,3,20,1,1,2,2,3,3,3,3,3,-0.35,0.85
19,1054,1,5,21,50,18,50,15,41,7,5,31,50,30,54,22,44,37,51,31,49,28,47,50,48,33,40,31,46,2.33,2.6,2.33,3.67,2.75,2.8,1,1.5,1,2,5,1,1,3,4,5,1,45,3,1,2,2,2,2,2,3,6,4,3,4,4,3,3,3,2,3,20,1,1,3,3,3,3,3,3,2,-0.02,0.17
20,99,1,1,22,51,18,51,24,54,5,8,29,49,27,51,27,50,37,52,38,56,34,55,63,56,52,59,42,60,2.67,3,3.33,3.5,3,2.6,1.2,1,2,2,4,1,1,8,2,2,2,37,1,1,2,2,3,2,3,3,2,3,3,2,3,4,3,2,2,3,20,1,1,3,3,3,3,3,3,2,-0.76,0.57
21,1792,1,1,22,51,16,46,25,54,8,8,35,54,22,45,33,57,38,52,29,48,38,60,55,51,44,52,39,55,2.33,3,3.67,3.33,3.5,3.8,2.2,2,1,2,3,2,1,50,8,5,2,51,5,1,2,2,2,3,3,2,3,4,1,2,2,3,3,2,2,2,100,1,1,3,3,3,3,3,3,7,0.62,0.27
22,2446,2,1,21,49,31,65,24,54,8,8,32,52,38,62,27,51,37,51,44,61,38,59,62,55,54,61,30,44,3.83,3.4,4,3.5,3,3,2,2.5,1,2,4,1,1,30,6,8,2,61,5,2,4,2,3,3,4,3,4,3,2,1,2,3,2,2,1,2,100,2,2,3,3,3,3,3,3,7,1.64,0.41
23,546,1,1,12,33,12,38,15,41,3,6,22,39,15,33,23,45,24,37,17,31,26,45,40,41,21,26,33,48,3.67,3.2,4,2.67,3,3,1.4,1,1,2,4,1,1,8,3,4,2,42,3,1,4,1,1,1,3,1,3,3,2,2,4,3,3,3,3,3,20,1,2,3,3,3,3,3,3,7,-0.28,0.23
24,1689,2,2,21,49,20,52,18,46,2,3,30,50,27,51,32,56,37,51,32,51,35,56,56,51,47,54,35,51,3,2.4,3,3,3.25,3,1.8,1.25,1,2,4,1,1,44,6,6,2,50,4,2,1,2,1,1,1,1,6,3,3,3,2,3,3,2,1,2,80,2,1,3,3,3,3,3,3,2,0.48,0.54
25,2358,2,1,33,63,22,56,33,63,8,8,40,58,28,52,38,64,47,58,34,53,40,62,67,58,55,62,43,62,2.67,3.2,3,3.5,3,3.2,2.2,1.25,1,2,4,1,1,18,6,9,2,59,5,2,3,2,2,2,2,2,4,4,2,3,3,2,2,2,2,3,100,2,2,3,3,3,3,3,3,4,1.39,0.49
26,2031,2,1,17,44,23,57,21,50,4,6,34,53,36,59,26,49,35,50,37,56,29,49,58,53,45,53,37,54,4,4,3.67,3.33,4,3.8,1,1,1,2,5,1,1,5,6,5,2,53,5,1,2,1,1,2,2,2,5,3,4,3,3,4,3,3,2,3,150,2,1,2,3,3,3,3,3,7,0.78,0.43
27,182,1,4,15,41,14,42,14,39,7,2,26,45,23,46,20,42,30,44,31,49,23,41,33,35,36,44,26,41,2.33,2.2,2,3,3,2.8,1.6,1.33,2,2,6,1,1,0,3,1,1,38,1,1,2,1,2,2,2,2,4,2,2,2,4,4,2,1,2,2,30,1,1,2,3,3,3,3,3,3,-0.66,0.22
28,993,1,1,13,36,11,36,11,33,4,6,15,28,11,26,14,32,17,27,17,33,19,36,24,24,17,18,24,37,3,3.2,2.67,3.33,4,2.4,2.2,2,1,2,4,1,1,32,3,3,2,44,3,1,2,2,2,3,2,2,3,4,4,2,1,4,4,3,3,2,50,1,2,2,3,3,3,3,3,3,-0.15,0.42
29,1037,1,1,23,52,18,50,25,54,7,3,36,55,40,64,26,49,39,53,38,56,32,52,54,50,48,55,37,53,3.17,2.8,3.67,3.17,3,2,1,1.5,1,2,5,1,1,8,2,3,2,45,3,1,2,2,2,3,2,2,5,4,4,4,2,4,3,4,4,2,50,2,2,2,3,3,1,3,1,2,0.02,0.15
30,1681,1,1,21,50,18,50,17,44,7,6,36,56,32,56,23,46,40,54,37,55,28,48,67,58,46,53,34,49,3,2.4,4,2.5,3.5,2.8,1,2.25,1,1,4,1,1,7,4,6,2,50,4,2,3,1,2,1,2,2,3,3,2,4,2,2,3,2,2,3,75,1,1,3,3,3,3,3,3,5,0.46,0.16
31,1079,1,1,13,36,11,37,16,43,3,4,18,34,18,39,23,45,24,38,15,28,32,52,38,40,31,38,34,49,3,2.2,3.67,1.5,3,3.2,2.2,1,1,2,4,1,1,20,3,5,2,45,3,1,3,2,2,2,3,2,4,2,2,2,4,4,4,1,4,3,100,2,2,3,3,3,3,3,3,7,-0.02,0.97
32,818,1,6,24,53,19,51,12,37,7,6,28,48,27,51,14,34,33,47,23,42,18,35,40,41,40,48,25,40,3,2.4,3,3.5,3.25,3.4,1.2,1,2,2,8,2,1,30,3,5,2,43,3,1,2,1,2,1,2,1,3,4,4,4,3,3,3,2,4,3,20,1,1,3,3,3,3,3,3,2,-0.18,0.44
33,504,2,1,22,51,19,51,29,58,6,6,33,53,29,53,33,58,38,52,34,52,34,55,53,50,45,52,38,54,3.5,2.2,3.67,3.33,3.25,3.25,2,1.25,1,2,4,1,1,48,3,3,2,41,2,1,2,1,1,2,2,2,6,4,3,4,3,4,3,4,3,2,200,2,2,3,2,3,2,3,3,1,-0.39,0.58
34,416,2,1,20,47,17,48,10,31,5,4,26,45,22,45,11,27,32,47,27,45,11,24,64,56,39,47,20,33,2,2.4,1.67,2,3.5,2.8,1.4,1.25,2,1,5,1,1,0,4,2,2,40,2,1,3,1,3,2,3,1,5,4,3,2,3,2,4,3,3,2,45,1,1,2,3,3,3,3,3,4,-0.53,0.05
35,1331,1,2,26,56,37,70,28,58,7,7,37,56,34,58,28,52,42,55,43,60,36,57,70,60,56,63,45,65,3.17,3,1.67,3.67,3.5,3,1,1.5,1,2,4,1,1,55,6,6,2,47,4,2,1,2,1,2,1,1,6,4,2,4,2,4,1,2,1,2,100,1,1,3,3,3,3,3,3,0,0.18,0.49
36,2323,1,1,33,64,26,60,22,50,5,6,67,73,27,51,31,55,65,67,43,61,29,49,78,65,51,58,40,56,2.67,3,3,3.17,3,3,1.8,1.25,1,1,4,1,1,7,8,6,2,58,5,1,2,3,3,2,3,2,4,4,2,2,3,2,2,1,2,3,150,2,1,3,2,3,2,3,3,7,1.29,0.12
37,526,2,6,25,55,18,50,15,41,5,7,36,55,28,52,24,47,47,58,29,47,27,47,66,57,41,49,31,46,2.67,2.6,2.33,4,4,3.8,1,1,1,1,4,1,1,40,3,3,2,41,2,1,3,2,2,2,2,3,2,3,3,3,3,3,3,3,2,3,150,3,1,3,3,3,3,3,3,5,-0.37,0.38
38,2069,1,1,35,65,23,57,33,64,6,8,46,62,37,61,43,72,50,59,42,60,47,75,68,59,56,63,43,62,3.67,3,4,3.8,4,4,1.6,1.25,2,2,6,1,1,0,5,6,2,54,5,1,3,2,3,3,3,2,6,3,4,3,4,4,3,3,3,3,50,2,1,3,3,3,3,3,3,7,0.9,0.68
39,52,1,1,15,41,20,53,32,62,7,6,24,43,26,50,36,61,37,51,37,55,38,59,76,63,46,54,47,69,2.67,3,3.67,4,3.75,4,1,1.25,2,2,5,1,1,0,2,2,2,36,1,1,2,1,1,1,1,1,3,4,4,2,2,3,3,2,1,3,100,1,2,2,2,2,2,2,3,0,-0.92,0.98
40,2348,1,1,33,63,29,62,31,61,6,8,42,59,39,63,40,66,52,60,41,59,39,61,75,63,48,56,42,60,3,2.8,3.33,3,3,3,1,1,1,2,5,1,1,12,6,6,2,58,5,2,2,1,2,1,2,1,3,4,2,2,4,3,2,2,3,3,100,1,1,3,3,3,3,3,3,0,1.3,0.63
41,1104,2,1,38,67,33,66,31,61,9,8,67,73,33,57,36,61,77,73,40,58,40,62,80,66,52,59,43,61,3.5,2.2,3,3.17,2.75,3.2,2,1.75,2,2,5,1,1,0,4,3,2,45,3,1,3,2,3,2,2,2,6,3,2,3,4,1,4,4,2,4,200,2,1,2,3,2,3,3,3,5,-0.01,0.22
42,1122,2,1,24,53,18,49,21,49,9,8,32,52,23,47,28,52,44,56,25,44,30,49,62,55,43,51,34,50,3.83,2,3.67,2.67,3.75,3.6,1.6,1,1,2,7,1,1,8,4,4,2,45,3,1,3,2,2,2,3,2,4,3,3,1,2,3,3,2,2,2,100,2,1,3,2,1,2,3,3,1,0.01,1
43,1929,1,1,27,57,28,62,25,54,6,6,33,53,34,58,36,61,50,59,43,60,40,62,69,59,53,60,44,64,3.17,3,2.67,4,4,4,1,1.75,1,2,5,1,1,7,6,3,2,52,5,2,2,2,2,3,3,2,5,3,2,2,4,2,3,2,2,2,50,1,2,3,3,3,3,3,3,7,0.71,0.66
44,844,1,1,20,48,16,46,28,58,3,4,35,55,19,41,33,58,40,54,31,49,39,61,53,50,37,44,40,58,3.5,2.8,4,2.33,2.5,3.4,2.6,1.5,1,2,4,1,1,8,4,5,2,44,3,1,3,1,2,3,3,1,4,4,2,3,3,4,3,2,2,3,60,1,1,3,3,3,3,3,3,7,-0.12,0.68
45,999,1,1,32,63,26,60,28,58,6,8,36,55,34,58,32,56,49,59,40,58,35,56,61,54,51,58,37,54,3.67,3.4,4,3,3,3,1.6,1.25,1,1,5,1,1,8,3,3,2,44,3,1,2,2,2,3,1,1,2,4,4,1,3,4,4,3,3,4,75,1,1,3,3,2,3,3,3,2,-0.07,0.05
46,591,1,1,24,54,24,58,38,70,9,6,41,59,42,66,43,71,57,63,52,68,45,71,68,58,54,61,45,65,3.67,3,3.33,2.67,3,3.25,1.25,1.75,1,2,4,1,1,22,3,3,2,42,3,2,2,2,2,3,3,2,4,4,4,3,3,4,3,4,4,3,100,1,2,3,3,3,3,3,3,7,-0.3,0.46
47,2551,1,1,28,58,32,66,29,59,3,3,31,51,41,65,39,65,37,52,51,67,40,62,79,65,56,64,47,72,3,3,3.67,3,2.5,2.6,2,1.25,1,2,4,1,1,8,7,9,2,66,5,2,3,1,1,2,3,1,5,3,3,4,3,2,3,2,3,3,100,1,1,3,3,3,3,3,3,6,2.06,0.56
48,2311,1,1,24,53,25,59,28,58,6,7,32,52,32,56,39,65,39,53,42,60,38,59,61,55,57,64,43,61,3.83,3,3,3,2.33,2.5,1.25,2.5,1,2,5,1,1,12,8,6,2,57,5,1,2,1,1,1,2,1,5,4,4,2,3,4,4,3,4,4,100,1,1,3,3,3,3,3,3,7,1.15,0.89
49,1952,1,1,16,42,15,44,23,52,3,6,36,56,26,50,26,50,37,51,38,56,28,48,49,48,51,57,36,51,3.33,3.4,3.33,3.17,3.5,3.25,1.2,1.5,1,2,5,1,1,2,4,3,2,53,5,2,2,2,2,2,2,2,4,4,4,4,3,4,4,4,1,3,200,1,1,3,3,3,3,3,3,7,0.77,0.52
50,272,2,1,31,61,30,64,20,49,8,3,41,59,39,62,21,44,53,61,43,60,35,56,60,54,47,54,40,57,4,3.2,4,3.67,3.25,3.4,1,1.25,2,2,4,1,1,0,3,3,2,39,2,1,2,2,3,2,2,2,3,4,4,4,2,4,4,2,2,3,50,1,1,3,3,3,3,3,3,5,-0.57,0.46
51,201,2,8,15,41,16,46,12,37,4,8,23,41,21,45,23,45,34,48,26,45,20,39,52,49,36,44,31,46,3.17,2.6,3,2.6,2.75,3,2,2,1,2,4,1,1,18,4,2,2,39,2,1,5,2,2,3,3,2,4,3,4,4,3,2,3,4,1,1,50,1,1,3,3,3,3,3,3,0,-0.58,0.38
52,1097,2,1,30,60,21,54,19,47,7,6,42,59,33,57,22,44,43,55,36,54,25,44,61,54,46,53,29,44,3.67,3.2,4,3.17,3,2.2,1.8,2.25,1,2,5,1,1,15,3,3,2,45,3,1,1,1,1,1,1,1,6,4,2,4,3,4,4,2,3,3,55,2,1,2,3,3,3,3,3,7,-0.01,0.54
53,1717,1,1,21,49,16,46,18,46,5,5,28,47,21,44,28,52,30,44,24,42,25,44,49,47,37,45,32,47,3.33,3,3,2,3.75,2.4,1,2.5,1,2,4,1,1,20,5,6,2,50,4,1,3,3,3,1,3,1,4,2,2,2,2,4,2,2,2,3,100,1,2,3,3,3,3,3,3,7,0.48,0.18
54,1854,2,1,24,54,22,56,33,64,6,6,39,58,33,57,38,64,41,54,34,52,40,62,71,60,51,57,43,62,3.83,3.6,4,3.5,4,4,1,1,1,2,4,1,1,8,4,6,2,51,4,1,2,1,3,1,2,2,4,4,3,4,3,2,4,3,3,3,150,1,1,3,3,3,3,3,3,7,0.56,0.62
55,1142,1,1,21,49,11,36,21,50,5,5,23,41,29,53,26,50,28,43,31,49,30,49,51,48,45,53,33,49,2.83,2.6,3.67,2.83,2.25,2.4,4,1.75,1,2,7,1,1,30,5,4,2,45,3,1,3,2,3,2,3,3,3,3,2,2,2,3,2,1,1,3,40,1,2,2,3,3,3,3,3,7,-0.02,0.43
56,1977,1,2,32,62,25,59,30,60,4,7,34,53,35,59,29,53,57,63,41,59,43,67,54,50,38,46,32,47,3,3.2,4,3.8,3.75,3.8,1,1,1,2,3,2,1,50,5,5,2,53,5,1,2,2,1,3,1,1,4,4,2,4,2,3,2,4,2,4,50,1,1,3,3,3,3,3,3,7,0.75,0.16
57,1714,2,1,40,68,32,65,33,64,8,8,50,64,45,68,37,62,53,61,46,63,37,59,76,63,58,66,39,56,3.33,3.2,3.33,3.67,4,4,1,1.25,1,2,5,1,1,23,6,6,2,50,4,1,1,1,1,2,2,2,4,4,4,4,4,4,4,3,4,3,100,1,1,3,3,3,3,3,3,7,0.53,0.57
58,1308,2,1,23,52,25,59,33,64,7,8,29,49,27,51,33,57,38,52,33,52,39,61,49,47,50,57,37,54,3.83,2.8,4,4,3.5,3,1,1.25,2,2,4,1,1,0,5,5,2,47,4,2,2,2,2,2,2,2,2,3,2,2,4,4,4,2,2,4,50,1,2,3,3,3,3,3,3,2,0.23,0.89
59,1741,1,1,28,58,23,57,35,65,8,8,46,62,40,64,32,57,41,54,49,65,37,58,55,51,48,55,37,53,3.17,2.4,3,3.83,4,3.8,1,1,1,2,4,1,1,20,4,5,2,50,4,1,3,2,2,2,3,2,4,4,3,3,2,3,2,3,2,4,100,2,1,3,3,3,3,3,3,7,0.46,0.74
60,1482,2,1,18,45,24,58,32,62,6,8,27,46,25,49,35,60,33,48,26,44,33,53,62,55,47,54,42,61,2.83,2.8,3,3.33,3.75,3.4,1,1,1,2,5,1,1,49,5,6,2,48,4,1,1,2,1,2,3,2,2,4,4,4,4,2,3,2,4,4,100,2,1,2,3,3,3,3,3,0,0.33,0.58
61,2051,2,1,28,58,26,60,33,64,8,8,36,55,44,66,38,64,39,53,44,61,41,63,67,58,51,57,42,60,3.67,3.6,3.67,4,4,3.4,1,1,1,2,3,2,1,42,8,6,2,54,5,1,3,1,2,1,3,1,5,4,3,4,4,4,3,2,1,2,100,2,1,3,3,3,3,3,3,6,0.93,0.69
62,2039,2,5,34,64,18,49,28,58,6,8,34,54,25,50,31,55,46,57,37,55,40,62,71,60,45,53,44,64,4,2.6,4,2.67,3.25,2.6,1.6,1.25,1,2,4,2,1,4,8,6,2,54,5,1,3,2,2,4,3,2,6,4,2,4,4,4,2,4,2,4,50,1,1,3,3,3,3,3,3,7,0.92,0.42
63,1534,1,1,33,63,28,62,31,61,8,6,39,57,35,59,38,64,39,53,42,60,35,56,69,59,50,57,42,60,3,3.8,3.67,3.5,4,4,1.2,1.5,1,2,5,1,1,52,6,5,2,49,4,1,3,1,3,2,3,1,4,2,2,2,2,2,2,2,2,2,100,2,1,3,3,3,3,3,3,7,0.39,0.37
64,2498,1,1,23,52,21,54,27,57,2,0,30,50,31,55,32,56,39,53,29,47,32,52,66,57,43,51,35,50,3,2.8,2.67,2.83,4,3.6,1.8,1.25,1,1,5,1,1,40,8,6,2,63,5,1,1,2,2,2,2,2,4,3,2,3,2,3,2,1,2,2,200,2,1,3,3,3,3,3,3,7,1.81,0.5
65,2120,1,1,31,61,33,67,32,63,6,7,39,57,34,58,32,57,46,57,39,57,37,59,73,61,49,56,38,54,2.83,3,4,4,4,4,1.4,1.5,1,2,4,1,1,12,6,6,2,55,5,1,4,2,1,2,2,1,5,3,3,3,2,3,3,1,2,3,50,2,1,3,3,3,3,3,3,7,1.01,0.64
66,1798,1,1,30,61,21,55,22,51,6,4,44,61,30,54,33,57,48,58,37,56,32,53,78,65,50,57,40,56,2.5,2.8,3,3.33,3,3,1.25,1.75,1,2,4,1,1,45,6,6,2,51,5,2,3,2,3,2,3,1,4,4,1,2,1,3,3,2,2,4,200,1,1,3,3,3,3,3,3,7,0.63,0.92
67,48,1,1,14,39,11,36,27,56,3,1,22,39,19,41,24,47,28,43,19,35,28,47,66,57,43,51,37,53,2.83,2.4,3.33,2.5,3,2.2,1,1.75,1,2,4,1,1,20,3,2,2,36,1,1,2,1,1,1,1,1,4,3,2,2,3,4,3,1,2,2,100,1,2,3,3,3,3,3,2,2,-0.87,0.52
68,766,1,2,28,58,23,57,30,60,6,8,40,58,36,60,34,59,42,55,45,62,37,58,72,61,48,55,43,62,2.5,3,2.33,4,4,3.6,1,1,1,2,3,2,1,14,3,5,2,43,3,1,2,2,2,2,2,2,3,2,4,3,2,4,3,1,2,4,4,2,2,2,3,3,3,3,3,2,-0.21,0.22
69,2216,1,1,33,63,37,70,36,68,6,8,64,71,46,68,38,64,70,70,51,67,40,63,79,65,57,64,44,63,3.83,3,3.67,4,3.75,3.8,1.2,1.25,1,2,4,1,1,15,8,6,2,56,5,1,1,1,1,1,1,1,5,4,3,3,3,3,3,2,4,3,200,2,1,3,3,3,2,3,3,7,1.13,0.18
70,2361,2,1,23,53,23,57,33,64,4,5,35,54,28,52,30,54,39,53,31,50,38,59,56,51,43,51,38,54,4,3,4,3.67,4,3.6,1,1,1,2,5,1,1,12,7,9,2,59,5,1,5,2,3,2,3,2,4,4,3,4,3,4,3,3,3,4,100,1,1,3,3,3,3,3,3,7,1.4,0.96
71,588,1,1,16,43,26,60,26,56,5,5,30,50,27,51,34,59,35,50,39,57,35,56,42,43,43,51,36,52,3.17,2.2,3.33,3,3.5,3.2,1.2,1.5,1,2,4,1,1,0,4,3,2,42,2,1,3,1,3,2,3,2,2,3,2,4,3,4,3,4,3,3,100,2,1,3,3,3,3,3,3,5,-0.35,0.83
72,2538,1,1,38,67,27,61,30,60,8,8,70,74,47,69,36,61,78,74,55,70,42,65,78,65,56,63,45,67,3.67,2.8,3.67,4,3.75,3.6,1,1.25,1,2,5,1,1,9,6,9,2,65,5,1,3,2,3,2,2,2,5,3,3,3,4,3,3,3,2,3,200,1,1,3,3,3,3,3,3,6,2.04,0.81
73,1420,1,1,14,39,15,44,20,48,3,6,23,40,19,40,16,37,30,44,26,45,28,47,39,41,29,36,27,42,3,3,3,1.67,3,2.6,2.4,2,1,1,5,1,1,8,5,3,2,47,4,1,1,2,1,1,2,1,4,4,2,4,3,4,3,2,3,3,75,1,1,3,3,3,2,3,2,7,0.17,0.77
74,2111,1,1,21,49,28,62,29,58,7,4,24,42,38,62,42,69,39,53,40,58,37,58,46,46,55,62,45,65,3.17,3.4,3.67,3.67,3.75,3.5,1,1.25,1,2,3,2,1,28,6,8,2,55,5,1,1,1,1,1,1,1,4,3,3,4,2,4,3,1,2,2,200,2,2,3,3,3,3,3,3,2,1,0.93
75,2056,1,1,26,56,31,64,31,61,6,5,36,55,43,66,34,58,40,53,52,67,36,57,59,53,56,63,42,59,3.67,3.8,3.33,2.8,3.33,3.5,2.2,1.25,1,2,4,1,1,29,6,6,2,54,5,1,1,1,3,3,3,1,4,4,4,4,3,3,2,2,3,2,100,1,1,3,3,3,3,3,3,7,0.9,0.35
76,701,1,1,25,54,24,58,30,60,7,6,35,54,32,56,39,65,48,58,37,56,40,63,71,60,44,52,39,56,3.17,2.8,3.67,2.67,2.25,2.4,2.4,1,1,1,4,1,1,0,5,3,2,43,3,1,3,3,4,3,2,1,5,4,3,4,3,4,4,3,3,3,200,1,1,3,3,3,3,3,3,7,-0.21,0.57
77,119,1,1,14,38,15,45,21,49,7,6,31,50,26,50,25,48,31,45,30,48,28,47,55,51,41,48,39,56,3,3.2,3,3.5,4,4,1,1.25,1,2,4,1,1,64,2,3,2,37,1,1,2,2,2,2,2,2,4,2,3,3,3,3,3,2,3,3,8,1,2,3,3,3,3,3,3,2,-0.84,0.58
78,563,1,1,16,41,14,43,24,53,4,7,24,42,20,43,27,50,28,42,26,45,34,55,53,50,43,50,36,52,2.83,3.2,3,2,2.67,2,1.4,2,1,1,5,1,1,20,4,3,2,42,2,1,3,1,1,3,2,1,3,3,1,1,3,4,1,1,2,2,200,1,2,3,3,3,3,3,3,2,-0.35,0.82
79,1683,2,1,35,65,30,64,38,70,8,8,48,63,44,66,38,64,52,60,54,69,42,65,69,59,59,67,42,60,3.5,3,4,4,4,3.5,1,1.25,1,2,4,1,1,12,6,6,2,50,4,1,1,1,2,2,1,1,4,4,4,4,3,3,3,3,2,3,125,2,1,3,3,3,3,3,3,5,0.5,0.11
80,2396,2,1,17,43,18,50,12,36,7,8,21,38,22,45,26,49,32,47,33,51,18,36,48,47,43,51,28,43,3.67,2.6,3.33,2.33,3,2.8,2.2,1.25,1,2,5,1,1,25,7,9,2,60,5,2,2,1,2,1,2,1,4,4,4,4,3,3,3,2,2,2,100,2,1,3,3,3,3,3,3,7,1.52,0.96
81,1712,1,3,26,56,28,61,24,53,8,6,46,62,36,59,34,59,44,56,45,62,33,54,79,65,52,59,32,47,2.67,3,4,3,3,3.6,1.6,1.5,1,2,4,1,1,7,5,5,1,50,4,2,2,2,2,2,2,2,6,3,3,4,3,2,2,3,3,2,60,1,2,3,3,3,3,3,3,2,0.53,0.31
82,1937,1,1,25,55,22,56,28,58,5,7,39,57,26,51,34,59,45,57,40,58,34,55,68,59,47,54,39,55,2.5,2,3,2.33,3.25,3,1,1,1,1,4,1,1,40,6,5,2,52,5,1,3,1,2,2,2,2,4,3,2,3,4,4,2,3,4,1,150,1,1,3,3,3,3,3,3,3,0.65,0.73
83,1936,1,8,21,49,18,50,21,49,6,8,27,45,22,46,27,51,45,56,38,56,32,53,69,59,52,59,37,53,3.33,3,4,3.17,3.5,2.5,1.4,1,1,2,5,1,1,12,3,8,2,52,5,1,1,1,1,1,1,1,5,3,3,2,3,4,3,2,2,2,100,1,1,3,3,3,3,3,3,3,0.7,0.19
84,2452,1,1,29,59,24,58,28,58,7,6,34,53,25,49,35,60,39,53,36,54,33,53,51,48,46,53,39,56,2.5,2.8,3.33,2.17,3,2.4,1.8,1.25,1,2,4,1,1,35,6,9,2,61,5,2,2,1,3,2,1,1,5,4,2,4,1,4,3,4,3,3,100,1,1,3,3,3,2,3,3,7,1.55,0.6
85,26,2,1,12,31,9,32,10,32,1,5,28,47,14,32,12,30,25,39,12,21,12,26,38,40,31,38,28,43,3.17,2.2,4,2.33,3.5,3.2,1,2.75,1,2,5,1,1,15,2,2,2,35,1,1,3,2,3,2,2,2,2,4,1,1,3,3,1,1,1,1,200,2,2,3,3,3,3,3,3,7,-1.03,0.95
86,2374,2,1,38,67,41,73,41,74,8,8,47,62,44,67,41,69,56,63,43,60,41,64,81,67,54,61,47,71,3.67,3.2,3.33,3.83,3.5,3,2,1.75,1,2,4,1,1,20,6,8,2,59,5,2,3,2,4,3,3,2,4,4,3,4,2,4,3,3,2,2,200,1,1,3,3,3,3,3,3,6,1.44,0.68
87,805,1,3,13,34,18,50,20,48,9,7,22,39,33,57,27,51,26,39,27,46,35,55,51,48,46,54,41,59,3.67,2.6,4,3,3,3.2,2,1,1,2,4,1,1,24,5,3,2,43,3,2,3,2,2,2,2,2,4,4,4,3,3,3,3,3,3,3,150,2,1,3,3,3,3,3,3,2,-0.22,0.11
88,1066,1,1,26,56,24,58,28,58,8,8,26,45,30,54,29,53,37,51,34,53,30,50,55,51,51,58,39,56,3.33,3.2,3.67,3,3.5,3.4,1.8,1,1,2,5,1,1,40,5,5,2,45,3,1,2,2,2,2,1,2,4,3,3,4,2,3,1,1,2,2,100,1,1,3,3,3,3,3,3,6,0,0.06
89,335,2,1,24,54,20,53,27,57,9,8,34,54,19,41,35,60,39,53,35,53,28,48,64,56,42,50,40,57,3.33,2.2,3.67,3,2.5,2.25,2.2,1.25,1,2,4,1,2,18,3,3,2,40,2,1,3,1,1,3,3,2,3,4,2,4,3,4,3,2,2,2,200,2,1,3,3,3,3,3,3,2,-0.54,0.17
90,46,1,2,20,49,20,53,23,52,7,7,24,42,26,50,22,45,36,50,31,50,34,55,54,50,33,41,31,46,3.5,3.2,4,2.33,3,2.4,1.2,2,1,2,7,1,1,12,2,3,2,35,1,1,2,1,1,1,2,1,4,2,2,4,3,3,4,4,4,4,55,2,2,2,3,3,3,3,3,2,-1.01,0.94
91,1633,2,1,25,54,29,62,32,63,3,8,39,57,39,62,37,62,40,53,36,54,40,62,63,55,54,61,44,63,3.5,1.6,3.33,3.17,2.25,2.8,1.8,1.25,1,2,5,1,1,28,5,5,2,49,4,2,3,2,2,2,3,1,4,2,1,2,2,2,2,3,2,3,200,2,2,3,3,3,3,3,3,7,0.4,0.54
92,2275,2,1,22,51,22,55,29,59,8,6,33,52,30,54,35,60,40,53,37,55,41,63,61,54,44,51,45,66,3.67,3.2,4,2.83,3.25,3,1,1.25,2,2,8,1,1,45,6,8,2,57,5,2,4,2,3,2,3,2,4,3,3,3,2,3,2,2,2,2,75,1,1,3,3,3,3,3,3,7,1.2,0.63
93,1778,1,1,43,70,41,73,43,76,6,6,65,72,43,66,43,72,72,71,45,62,44,69,81,67,55,62,46,67,3.33,2.8,3.67,3.5,2.33,2.8,1.6,1.25,1,2,5,1,1,38,8,3,2,51,4,1,2,1,1,1,2,1,6,4,4,2,2,4,3,2,2,2,150,1,1,3,3,3,3,3,3,7,0.57,0.22
94,455,1,1,26,56,34,67,28,58,4,5,38,56,40,64,37,62,50,59,44,61,34,55,66,57,50,57,43,61,3,3.8,4,3.17,3.25,3.2,1.4,1,1,2,4,1,1,5,3,3,2,41,2,2,3,2,3,1,3,2,3,4,3,3,3,3,3,3,3,3,200,2,1,3,3,3,3,3,3,7,-0.39,0.06
95,597,1,1,22,51,26,60,25,54,6,8,31,51,36,59,30,54,36,51,54,70,37,58,61,54,57,65,42,60,3.5,3.2,4,2.67,2.5,2.6,2.2,1.25,2,2,6,1,1,6,3,5,2,42,3,1,3,2,3,3,3,2,4,3,3,3,2,4,4,2,2,4,150,1,1,3,3,3,3,3,3,7,-0.28,0.8
96,2077,1,1,26,56,27,61,31,62,7,4,39,58,36,59,38,64,43,55,34,52,32,52,73,61,57,64,41,58,3.67,3.4,3.33,3.33,4,4,1,1.25,1,2,4,1,1,22,6,6,2,54,5,1,1,1,1,2,1,1,6,3,4,4,4,3,3,4,2,4,100,2,1,3,3,3,3,3,3,0,0.91,0.15
97,958,1,1,25,55,17,48,34,64,3,7,43,60,33,57,36,61,37,51,31,49,39,61,54,50,45,52,46,69,3.17,3,3.67,2.67,2.75,2,1.2,1.5,1,2,5,1,1,16,4,5,2,44,3,1,4,2,4,2,3,2,5,3,3,3,2,3,2,4,2,3,200,2,2,3,3,3,3,3,3,7,-0.1,0.2
98,577,2,1,24,53,21,55,25,54,5,8,32,52,25,49,27,50,34,48,28,47,33,53,54,50,44,52,36,52,2.67,3.4,3.67,4,4,3.6,1,1.5,1,2,5,1,1,20,3,5,2,42,3,1,2,2,2,2,4,2,3,2,2,3,2,1,3,1,2,1,30,2,2,3,3,3,3,3,3,7,-0.28,0.58
99,171,2,3,15,41,12,39,29,59,8,8,18,33,20,42,33,58,28,42,30,49,39,61,49,47,50,57,45,65,2.5,2.8,2.67,2.5,3,3,1.8,1.25,2,2,3,2,1,0,2,3,2,38,1,1,1,2,3,2,1,2,2,3,3,2,3,4,2,2,1,3,70,1,1,1,2,3,3,3,3,1,-0.73,0.03
100,155,1,4,20,48,14,42,16,42,7,6,27,46,22,46,16,37,31,45,35,54,20,37,50,48,38,46,30,45,3.33,2.8,3.67,2.17,2.75,2.2,2.2,2.25,2,2,5,1,1,0,3,3,1,38,1,1,2,2,2,2,2,2,4,2,2,3,2,1,2,1,2,3,10,1,2,2,3,3,3,3,3,7,-0.73,0.27
101,310,2,1,22,51,25,60,24,53,9,8,38,57,37,60,31,55,49,59,37,55,36,56,69,59,50,57,44,64,3.33,3.2,3.67,3.5,3.5,3,1,1.75,1,2,4,1,1,6,3,3,2,40,2,1,2,2,2,2,2,2,2,4,3,4,3,3,3,2,4,2,125,1,1,3,3,3,3,3,3,2,-0.5,0.2
102,58,1,3,25,55,17,48,18,46,7,6,33,52,26,51,23,45,34,49,39,57,28,47,52,49,46,53,32,47,2.83,2.6,4,3.67,3.25,3.2,1,2,1,2,5,1,1,24,2,2,2,36,1,1,2,2,2,2,2,1,2,2,2,1,4,2,2,1,2,4,10,1,2,2,3,3,1,3,3,2,-0.93,0.92
103,970,2,4,16,42,10,33,16,43,4,8,25,44,15,33,20,42,32,47,20,37,30,49,56,52,28,36,19,32,3.33,2,3.33,2,3,2.6,1.2,2.5,1,1,10,1,1,12,3,3,2,44,3,1,2,1,1,1,1,1,4,4,3,4,4,4,4,4,4,4,50,1,1,3,3,3,3,3,3,7,-0.07,0.35
104,2127,2,5,62,79,35,68,25,55,5,7,70,74,43,66,30,54,79,75,47,64,38,60,79,66,56,63,38,55,3.83,2.8,3.33,3.33,3.33,3.2,1.5,1.5,1,2,4,1,1,35,6,7,2,55,5,2,2,2,1,1,2,2,5,3,2,4,2,3,2,2,2,1,100,1,1,3,3,3,3,3,3,2,0.97,0.18
105,1777,1,1,31,61,30,64,19,46,8,8,39,58,34,57,26,50,62,66,40,58,31,52,74,62,53,60,34,50,3.33,3.6,4,3.17,3,2.6,1.2,1,1,2,5,1,1,0,6,6,2,51,4,2,3,1,1,1,1,1,4,3,2,1,2,3,2,1,1,2,20,2,1,3,3,3,3,3,3,7,0.55,0.78
106,839,2,5,33,63,24,59,36,67,7,8,38,57,32,56,37,63,39,53,35,53,44,69,47,46,36,44,45,65,3,2.8,4,3.67,3.75,3.8,1,1.25,1,2,3,2,1,17,3,5,2,43,3,1,4,1,3,3,3,2,5,4,4,4,4,2,3,3,4,2,67,1,1,3,3,3,3,3,3,5,-0.23,0.54
107,2527,1,5,25,54,30,64,23,51,8,8,32,52,39,62,25,48,41,54,56,72,38,60,71,60,58,65,40,57,3.67,2.4,3.67,3.4,2,3,2.4,1.5,1,2,4,1,1,45,8,9,1,64,5,1,2,2,3,1,3,2,5,4,4,2,3,3,3,4,4,2,30,1,2,3,3,3,3,3,3,2,1.86,0.69
108,92,2,1,12,33,8,28,11,33,5,1,16,30,12,29,14,33,16,24,15,29,16,33,35,37,25,32,22,36,3.17,3.2,4,2.17,3,2.4,2,2,2,1,2,4,1,56,1,3,2,37,1,1,3,2,3,3,3,2,2,4,3,4,4,4,4,2,3,2,5,1,1,3,3,3,3,3,3,2,-0.76,0.52
109,1909,1,1,24,53,24,58,26,55,8,6,33,52,33,57,30,54,46,57,41,59,37,59,67,58,55,62,44,63,2.33,2.6,3.33,3.17,2.75,2.8,2,1.25,1,2,6,1,1,85,5,6,2,52,5,1,1,1,1,1,1,1,4,3,3,4,2,3,3,3,3,2,50,2,2,3,3,3,3,3,2,5,0.74,0.69
110,2456,1,1,23,52,31,65,32,62,3,6,32,51,34,58,32,56,38,52,35,53,33,54,66,57,43,51,28,43,3.33,2.8,3,3,2.5,2.75,2,1,1,2,5,1,1,6,8,6,2,61,5,1,2,2,1,2,3,1,4,4,4,3,3,4,4,4,4,2,200,2,1,2,2,2,2,3,3,6,1.55,0.1
111,362,2,4,19,47,10,34,15,42,5,8,29,49,14,32,24,46,27,40,17,31,17,34,43,44,38,46,27,41,3.17,3,3,2,3,2.75,2,1.75,1,2,6,3,1,0,2,5,1,40,2,1,2,2,3,3,3,2,6,4,4,4,3,4,4,1,4,4,180,1,1,1,3,3,3,3,3,3,-0.53,0.34
112,2558,2,1,19,46,24,58,26,56,8,8,42,60,36,60,34,58,45,56,37,55,38,60,74,62,50,57,36,52,3.33,2.8,4,4,4,4,1,1,1,2,4,1,1,8,6,9,2,67,5,1,2,2,2,3,3,1,4,3,3,4,2,4,2,2,1,1,200,1,2,3,3,3,3,3,3,4,2.17,0.58
113,1395,2,7,16,42,13,40,18,45,6,3,26,44,20,43,23,46,29,44,31,49,25,44,52,49,42,50,29,44,2.67,2.6,3,3.17,2,2.2,2,2,1,1,3,3,1,55,5,5,2,47,4,1,2,2,2,2,3,2,4,2,4,3,2,4,4,4,2,4,50,1,2,3,3,3,3,3,3,7,0.17,0.51
114,2190,2,1,23,53,20,54,28,58,5,5,44,61,25,49,27,50,50,59,34,52,25,44,67,58,42,50,33,49,3,2.8,4,4,3.5,3.6,1,1,1,2,6,1,1,8,6,5,2,56,5,2,3,2,2,2,3,2,4,4,4,4,4,3,3,2,1,3,200,2,1,3,3,3,3,3,3,7,1.05,0.29
115,2145,2,1,23,52,14,44,21,49,3,6,36,55,30,54,29,53,41,54,31,50,32,52,57,52,41,49,35,51,3.33,3,3.67,3.17,3.25,2.8,1.6,1.5,2,2,6,1,1,0,5,8,2,55,5,1,1,2,2,1,1,1,4,3,2,4,4,4,3,3,2,3,80,2,2,3,3,3,3,3,3,5,1.01,0.43
116,2418,2,4,30,61,21,55,35,66,6,5,33,53,25,50,37,62,45,56,38,56,44,69,59,53,44,52,42,59,3.83,3.2,3.67,3.67,3.5,3.4,1,2,1,2,4,1,1,7,6,9,2,60,5,2,4,2,2,2,2,2,5,4,4,3,3,3,3,3,3,4,100,1,1,3,3,3,3,3,3,2,1.5,0.03
117,2166,2,3,29,59,34,68,29,59,7,8,40,58,44,67,32,56,54,61,49,65,36,58,68,58,52,58,38,55,3.67,3.8,3.67,3.17,2,2,3.2,2.5,1,2,3,2,1,15,5,8,2,55,5,2,1,1,1,1,1,1,5,4,4,4,3,4,4,3,2,3,100,1,1,1,3,3,3,3,3,7,1.02,0.15
118,1256,1,1,29,59,22,55,26,56,6,8,38,57,41,65,27,51,33,48,38,56,34,54,39,40,52,59,41,58,2.5,2,3,2.33,2.25,2,2.6,1.75,1,2,6,1,2,9,5,6,2,46,4,1,3,2,2,2,4,2,2,2,2,4,2,4,2,1,1,2,50,2,2,2,3,3,3,3,3,5,0.09,0.03
119,823,2,1,23,52,15,44,31,61,1,8,37,56,23,46,34,58,35,50,19,35,35,56,62,55,41,48,41,58,3.33,3,3.33,2.17,2.5,2.2,1,1.5,1,1,5,1,1,32,5,3,2,43,3,1,1,1,2,2,2,1,4,4,3,4,3,4,3,3,2,4,200,1,1,3,3,3,3,3,3,3,-0.17,0.74
120,1508,1,5,20,48,18,50,16,43,7,8,34,53,37,61,30,54,35,49,32,50,33,54,60,54,40,48,33,48,3.33,3,3.33,3.83,3.67,3.4,1,1,2,2,3,2,1,0,5,5,2,48,4,1,2,2,2,2,2,2,6,3,3,4,4,3,3,1,3,3,150,1,1,3,3,3,3,3,3,3,0.27,0.43
121,977,2,3,19,47,15,44,18,45,6,4,27,46,23,47,26,49,34,49,33,51,29,49,48,46,36,43,31,46,2.5,2.2,3.67,3.33,3.33,3.2,1,1,1,2,5,1,1,6,3,3,2,44,3,1,3,3,3,2,4,2,3,4,4,4,3,4,3,2,3,4,50,2,2,2,3,3,3,3,3,7,-0.07,0.56
122,344,1,1,37,66,24,58,26,56,8,8,37,56,29,53,38,63,40,54,40,58,35,56,53,50,54,60,38,54,3,3.2,4,2.67,2.33,2.8,2,1.5,1,2,4,1,2,20,3,2,2,40,2,1,2,2,3,2,2,2,2,3,3,4,3,4,4,3,3,4,100,1,2,3,2,3,2,3,3,1,-0.54,0.82
123,195,1,1,14,38,16,47,25,54,7,8,17,31,23,47,31,55,22,34,28,47,35,55,42,43,45,53,38,55,2.67,3,3.33,3.33,3.25,2.8,1.4,2.25,2,2,4,1,1,0,2,2,2,38,1,1,2,1,1,2,2,2,2,4,3,4,4,4,3,4,3,4,50,2,2,3,3,3,3,3,3,7,-0.74,0.94
124,1351,2,2,20,49,17,49,13,37,2,4,28,47,21,44,22,44,34,49,24,43,30,50,42,43,40,48,33,49,2.5,3.4,2.67,2.83,3.25,3.6,1.4,1,1,2,4,1,1,9,6,6,2,47,4,1,2,2,2,2,1,2,4,4,4,4,2,3,2,2,2,2,200,1,1,1,3,3,3,3,3,2,0.17,0.83
125,640,1,1,20,48,19,51,17,45,5,5,32,52,38,62,23,46,33,48,35,53,26,45,75,62,51,58,34,50,3.83,2.8,2.67,2,3.5,3,1,3,1,2,6,1,1,8,3,3,2,42,2,1,3,1,2,2,1,2,5,3,3,3,3,4,3,4,2,3,40,2,1,3,3,3,3,3,3,7,-0.32,0.4
126,1985,1,2,23,52,20,53,14,39,4,6,35,55,27,51,29,53,41,54,33,51,34,54,60,54,46,54,35,51,2.83,3,4,2,2.25,1.6,3.2,2,1,2,4,1,1,30,5,6,2,53,5,1,2,1,2,2,1,1,5,4,4,3,3,4,3,2,1,4,150,1,1,3,3,3,3,3,3,2,0.84,0.94
127,1336,1,1,16,42,13,41,38,70,4,7,26,45,29,53,37,62,34,49,25,44,40,63,48,47,40,47,42,60,2.67,3.2,3,2.17,2.25,2.4,2.2,1.25,1,2,3,2,1,80,3,4,2,47,4,1,3,1,2,2,3,2,5,3,3,2,3,3,2,2,2,2,30,1,1,3,3,3,3,3,3,2,0.24,0.32
128,1163,2,8,22,51,16,46,18,46,7,5,34,54,21,44,31,55,32,47,27,45,30,50,56,51,41,49,36,51,3.33,2.8,3.67,2.5,3,2.2,1.6,1.75,1,2,5,1,1,29,5,6,2,46,4,1,2,2,2,2,2,2,4,2,2,4,4,4,3,2,2,2,200,1,2,3,3,3,3,3,3,1,0.09,0.74
129,1626,1,1,28,58,20,52,28,57,7,7,44,61,34,58,31,55,62,66,41,59,40,63,74,62,49,56,39,55,3.33,3,3.67,3.5,3.75,3.2,1.8,1,1,2,4,1,1,5,6,6,2,49,4,2,2,1,2,1,2,2,4,4,2,4,3,4,3,3,2,4,150,1,1,3,3,3,2,3,3,2,0.38,0.77
130,226,1,1,33,63,26,60,30,60,6,8,38,57,30,54,34,58,37,51,32,51,38,59,64,56,56,63,41,59,3.5,3.6,4,3.17,3.25,3.4,1.4,1.25,1,2,5,1,1,8,3,3,2,39,2,1,2,1,1,2,1,1,4,4,2,3,3,4,2,4,2,3,60,1,1,3,3,3,3,3,3,7,-0.58,0.48
131,1592,2,4,27,57,21,54,15,42,5,7,38,57,35,58,23,46,38,52,37,56,25,44,59,53,50,57,30,45,3.67,3.8,3,3.83,3.67,3.6,1,1.25,1,2,4,1,1,30,6,3,1,49,4,1,2,2,2,2,2,2,4,4,4,3,3,4,4,2,3,3,35,1,2,3,3,3,3,3,3,7,0.35,1
132,902,1,1,13,36,14,43,20,48,6,6,26,44,23,47,26,49,34,49,30,49,30,50,41,42,43,51,38,54,3.33,3.2,3,2.83,3.75,3.2,1,1.25,2,2,7,1,1,0,5,3,2,44,3,1,4,1,3,1,3,1,4,4,4,4,4,4,4,3,4,4,60,2,1,3,3,3,3,3,3,7,-0.14,0.93
133,601,1,1,29,59,30,64,19,46,6,6,55,67,40,63,27,50,54,62,49,65,31,51,73,61,55,62,40,58,3.5,3,3,2.83,3.5,3.6,1.4,1.25,2,2,5,1,1,0,3,5,2,42,2,1,3,2,3,2,2,2,4,2,1,4,2,4,3,2,3,2,100,1,2,3,3,3,3,3,3,7,-0.35,0.01
134,730,2,1,19,47,19,52,12,35,6,4,29,48,20,43,23,45,32,47,32,51,31,52,52,49,37,45,31,45,2.5,2.8,2,2.5,3,2.25,1.2,1.33,2,1,5,1,1,28,3,5,2,43,3,1,3,1,2,2,2,2,4,2,2,4,4,3,3,1,2,4,100,1,1,3,3,3,3,3,3,2,-0.2,0.1
135,1367,1,1,17,43,21,54,30,60,4,6,32,52,31,55,29,53,33,48,32,50,30,50,68,58,45,53,41,59,4,3.8,4,3,2.5,3.4,1.6,1,1,1,3,2,1,35,5,3,2,47,4,1,2,1,3,3,2,1,6,3,3,4,2,3,3,2,2,2,50,2,2,3,3,3,3,3,3,2,0.19,0.06
136,1174,2,6,21,50,19,52,34,65,6,7,26,45,27,51,41,69,36,51,33,52,42,65,52,49,34,42,43,62,2.67,3,3.33,3.33,2.5,2.4,2,1.25,1,2,6,1,1,12,5,5,2,46,4,1,1,2,1,2,1,1,6,4,3,4,3,4,3,4,1,4,20,1,1,2,3,2,3,3,3,2,0.11,0.36
137,1165,1,1,16,43,21,55,29,59,7,8,29,48,26,50,33,57,42,55,44,61,36,57,62,55,50,57,41,58,2.67,2.8,3.67,3.33,2.75,3.8,1.6,1,1,2,4,1,1,50,4,5,2,46,4,2,2,1,3,2,3,2,4,4,4,3,2,3,3,2,3,4,50,1,1,3,3,3,3,3,3,7,0.08,0.29
138,2283,1,1,20,48,15,45,20,49,6,2,33,53,22,45,30,54,35,49,34,52,30,50,45,45,46,53,34,49,2.83,3,2.67,2,3,2.4,1.8,1.75,1,2,4,1,1,45,6,8,2,57,5,1,2,2,4,3,3,1,4,3,2,3,4,2,2,1,3,2,70,2,2,2,3,3,2,3,3,7,1.21,0.69
139,1147,1,1,35,65,30,63,29,59,6,6,59,69,36,60,27,51,70,70,43,60,31,51,76,64,56,63,33,48,2.83,3.2,3,3.67,3.5,3.6,1,1.25,1,1,5,1,1,13,3,3,2,45,3,1,4,3,3,2,4,2,5,3,3,3,3,4,3,2,2,2,50,1,1,2,3,3,3,3,3,7,0.02,0.33
140,1654,1,1,21,49,17,48,16,42,5,0,29,48,23,46,19,40,31,46,20,38,12,26,42,43,44,52,21,35,2.67,3,3.67,2.33,3,2.6,2.4,2,1,1,4,1,1,28,5,5,2,50,4,1,3,2,3,3,3,4,3,4,3,4,3,3,3,2,3,3,50,2,2,3,3,3,3,3,3,2,0.5,0.8
141,2278,1,1,29,60,26,60,40,72,8,6,45,61,44,67,41,68,29,44,26,44,36,57,66,57,60,70,44,64,3.67,3,4,3.83,3.25,3.8,1,1.25,1,2,4,1,1,0,8,8,2,57,5,1,3,1,1,1,1,1,5,4,3,3,4,3,4,3,4,3,200,2,1,2,3,2,3,3,3,5,1.21,0.66
142,668,1,6,21,50,24,58,10,32,5,6,32,51,24,48,18,39,32,46,27,46,23,42,59,53,38,45,26,40,2,3,2.33,2.17,2,2,3,2,1,2,3,2,1,20,3,3,2,42,3,1,2,2,3,2,2,2,4,4,2,3,2,3,2,3,2,4,30,1,1,3,3,2,3,3,3,4,-0.27,0.34
143,2307,1,1,37,67,30,64,37,69,8,8,38,57,38,62,44,72,42,55,39,57,43,68,65,56,49,56,45,65,3.17,3.2,3.67,3.17,3.25,3.25,1.6,1,1,2,4,1,1,40,6,6,2,57,5,1,2,1,1,2,2,1,4,2,2,4,1,2,2,2,1,2,60,2,1,3,3,3,3,3,3,7,1.2,0.67
144,763,1,1,19,47,16,47,23,52,6,6,26,45,23,47,29,53,32,47,37,55,21,40,58,52,42,49,36,52,2.5,2.8,2.67,2,2,2,3.6,2.75,1,1,4,5,1,40,3,5,2,43,3,2,2,1,2,3,2,3,4,4,2,3,3,2,4,2,2,3,30,2,1,2,3,3,3,3,3,2,-0.19,0.92
145,2131,1,1,25,55,21,55,32,63,5,8,31,51,22,45,38,64,44,56,35,53,39,61,45,45,45,53,35,50,3.5,3.2,4,3.17,3.5,3,1.4,1,2,2,5,1,1,45,8,6,2,55,5,1,3,2,3,2,3,2,4,3,2,2,4,2,4,4,2,2,50,1,2,3,2,3,3,3,3,7,0.99,0.58
146,408,1,1,30,60,25,59,38,70,6,8,33,53,31,55,32,56,40,53,43,60,43,67,52,49,51,58,44,63,3.83,3,3.67,3,3.25,2.8,1.2,1,1,2,4,1,1,6,3,2,2,40,2,1,3,1,2,1,3,1,3,4,2,2,2,4,4,4,2,4,200,2,2,3,3,3,3,3,3,1,-0.5,0.18
147,1141,2,2,24,54,19,51,12,36,7,8,29,48,23,47,20,42,40,53,34,53,22,41,50,48,37,44,23,37,3.67,2.4,2.67,3.83,3.75,3.2,1,1.75,1,2,4,1,1,30,5,5,2,45,3,1,2,2,2,1,2,2,6,3,3,4,3,4,4,1,3,3,30,1,1,3,3,3,3,3,3,3,0.01,0.39
148,1585,2,1,12,34,8,28,14,39,2,3,25,44,17,38,24,47,27,41,15,29,22,40,46,46,33,41,30,45,3,3.4,3.33,2.33,3.25,2.8,1,1,1,2,5,1,1,9,5,6,2,49,4,1,3,1,3,3,4,1,4,4,3,4,3,3,3,2,3,2,200,1,1,3,3,3,3,3,3,7,0.35,0.68
149,84,2,7,17,44,18,49,31,61,6,6,32,52,30,54,26,49,37,52,36,54,37,58,69,59,49,56,39,56,3,2.8,3.67,3.17,3.5,3.4,1.4,2.25,1,2,4,1,1,6,5,2,2,37,1,1,3,2,2,2,2,2,4,3,4,3,3,4,2,2,2,2,15,2,1,3,3,3,3,3,1,3,-0.78,0.18
150,1058,1,1,18,45,14,43,19,46,5,8,31,50,25,49,25,48,36,50,33,51,26,45,49,47,41,49,34,49,3,3.6,4,2.5,3.33,3,1.2,1.25,2,1,4,1,1,0,5,5,2,45,3,1,2,2,2,2,2,2,4,4,4,4,3,4,2,2,3,4,100,2,1,3,3,3,3,3,3,4,0,0.02
151,364,2,4,15,39,12,39,10,30,6,7,20,36,13,30,11,27,25,39,20,36,20,38,37,39,39,47,26,40,3.5,3.6,3.67,2.33,4,3.4,1,1.5,1,2,5,1,1,20,3,3,1,40,2,1,2,2,1,2,2,2,4,3,2,4,3,2,2,1,2,1,40,1,1,3,1,3,3,3,3,2,-0.54,0.26
152,1114,1,6,17,43,16,47,16,42,4,6,21,37,23,47,18,40,25,38,31,49,28,47,43,44,37,45,26,40,2.83,2.6,3.33,2.83,3,2.8,2.8,1.5,2,2,6,1,1,60,5,2,2,45,3,1,3,2,3,3,3,2,3,3,3,4,4,4,4,1,2,2,55,1,1,2,3,3,3,3,3,4,0,0.83
153,1501,1,1,24,54,34,67,25,54,8,2,40,58,42,65,34,59,49,59,46,63,32,53,74,62,57,64,43,62,2.33,2.8,2.67,2.17,2,2.2,2.8,1,1,2,3,2,1,42,5,3,2,48,4,2,2,2,2,2,3,2,4,3,3,2,2,2,2,2,2,2,75,1,2,3,3,3,3,3,3,2,0.27,0.85
154,2319,2,1,36,65,38,71,36,67,4,6,38,57,39,62,37,63,43,55,44,61,41,63,76,63,53,60,47,71,3.33,3.4,4,2.67,3,3.4,1.2,1,1,2,4,1,1,90,6,9,2,58,5,1,3,1,2,1,1,1,5,3,3,3,2,3,3,4,2,2,60,1,1,3,3,3,3,3,3,7,1.29,0.41
155,244,1,1,15,39,19,51,27,57,6,3,18,34,27,51,35,60,25,39,32,50,38,59,49,47,48,55,42,60,2.67,3.2,3.33,2.67,3,3.2,1,1.75,1,2,4,1,1,40,3,2,2,39,1,1,3,2,3,1,3,2,4,3,3,4,3,3,2,2,2,3,116,1,1,3,3,3,3,3,3,3,-0.64,0.75
156,552,2,1,25,55,22,56,28,58,6,4,38,57,33,57,31,55,39,53,38,56,30,50,76,63,51,58,36,51,3.33,3,3.67,3.4,3.75,3.4,1,1.75,2,2,4,1,1,0,5,3,2,42,3,2,3,1,1,1,2,1,2,4,2,4,3,3,3,2,3,3,50,1,1,2,3,3,3,3,3,7,-0.27,0.67
157,1344,2,1,23,52,21,54,32,63,8,8,29,49,27,52,36,61,37,51,35,53,34,55,52,49,44,52,38,54,3.5,2.4,4,3,3,3,1,1.75,1,2,4,1,1,46,6,5,2,47,4,1,3,2,1,3,2,2,5,2,2,4,1,4,1,2,1,2,40,2,2,3,3,3,3,3,3,7,0.16,0.15
158,1866,2,1,20,48,17,48,24,53,7,8,29,48,22,46,35,60,36,51,36,54,40,62,51,48,48,55,43,61,3.5,3,3.33,3.17,3.5,3.25,1,1,1,2,6,1,1,14,6,5,2,52,5,2,2,2,2,2,2,2,4,3,3,2,2,3,3,2,3,2,38,1,2,3,3,3,3,3,3,7,0.71,0.96
159,1161,1,1,25,55,27,61,18,45,6,6,30,50,34,58,25,48,34,49,43,60,29,49,56,52,53,60,39,55,2.5,3,2.67,2.83,2,2.4,1.2,1.25,2,2,4,1,2,35,7,6,1,46,4,1,1,2,2,3,2,2,4,4,4,2,2,1,2,2,2,2,40,1,2,3,3,3,3,3,3,7,0.14,0.02
160,2433,2,1,21,50,21,55,24,53,5,8,32,52,31,55,30,54,38,52,33,52,33,53,62,55,44,52,38,55,3.67,3.2,4,3.33,3.75,3.6,1,1.75,1,2,4,1,1,38,7,7,2,60,5,1,2,1,3,1,3,1,6,3,3,4,4,3,3,2,3,3,200,2,1,3,3,3,3,3,3,1,1.46,0.81
161,2340,2,5,42,70,33,66,18,46,8,8,51,64,48,70,28,52,58,63,53,68,30,49,77,64,57,65,37,53,3.33,3.2,3.67,3.5,3.5,3.4,1,1.25,1,2,4,1,1,30,6,8,2,58,5,1,2,2,3,1,1,2,4,4,4,4,4,4,3,2,2,3,200,1,1,3,3,3,3,3,3,2,1.3,0.46
162,1669,2,1,13,35,9,31,13,38,3,7,17,32,16,36,18,40,36,50,19,35,21,39,48,47,30,38,20,33,2.33,3,3,3.17,3,3.25,1.2,1.75,2,2,3,2,1,40,5,5,2,50,4,2,3,3,2,2,2,3,4,2,2,3,2,2,2,2,2,2,75,1,1,3,3,3,3,3,3,3,0.46,0.23
163,2094,1,3,19,47,18,50,23,52,5,8,37,56,23,47,26,49,43,55,31,50,29,48,57,52,41,49,42,60,2.33,1.6,3.33,1.83,2.25,3.2,2,2.5,2,2,10,1,1,56,5,3,2,54,5,1,2,2,2,2,2,2,6,4,1,3,2,3,2,1,2,3,60,2,1,3,3,3,3,3,3,2,0.89,0.17
164,1353,2,1,18,45,13,40,30,60,6,6,22,39,20,43,36,61,21,33,23,41,37,58,39,40,33,40,43,61,4,3.8,4,3.5,4,4,1,2.5,1,2,3,2,1,30,5,5,2,47,4,1,2,1,1,1,2,1,6,4,4,4,4,4,3,3,3,4,150,1,1,3,3,3,3,3,3,7,0.15,0.04
165,735,2,1,23,52,21,54,23,52,7,4,33,52,32,56,24,47,41,54,32,51,30,50,64,56,37,45,36,52,3.67,3.2,4,3,4,3.8,1.8,1.25,1,2,7,1,1,24,5,3,2,43,3,1,2,2,2,2,2,2,4,4,2,4,2,4,4,3,2,2,200,1,2,3,3,3,3,3,3,7,-0.16,0.93
166,2411,1,1,29,59,22,55,23,52,6,6,33,52,29,53,32,56,43,55,41,59,34,55,72,60,50,57,42,59,4,3.2,3.33,3.17,3,3,2,2,1,2,4,1,1,33,6,8,2,60,5,2,5,3,3,4,4,3,4,4,3,4,3,4,4,3,3,3,200,2,1,3,3,3,3,3,3,7,1.46,0.27
167,708,2,2,22,51,20,53,28,58,6,8,35,54,24,48,32,56,37,51,31,49,38,59,56,51,42,49,40,57,2,2.6,2.67,3.17,3,2.8,1.2,1,1,2,3,2,1,20,5,5,2,43,3,1,2,2,2,2,2,2,3,4,4,4,2,4,2,2,4,4,75,1,1,2,2,2,3,3,1,3,-0.17,0.39
168,2178,2,1,32,62,28,62,31,61,8,7,41,59,30,54,36,61,48,58,39,57,40,62,72,61,58,66,45,65,3,2.4,3,3.17,3.5,3,1,2.5,1,2,4,1,1,12,6,5,2,56,5,1,2,1,2,3,2,1,4,4,3,3,3,2,1,3,2,3,75,1,2,2,3,3,3,3,3,7,1.11,0.37
169,101,1,8,15,41,9,32,24,54,7,3,31,51,23,47,32,56,31,46,25,44,34,54,37,39,38,46,40,57,2.5,2.4,3.33,2.5,2.5,2.25,2.4,1.67,2,2,6,1,1,40,2,2,2,37,1,1,2,2,2,1,2,2,4,3,4,2,4,4,2,4,3,2,30,2,2,3,3,3,3,3,3,2,-0.82,0.19
170,1442,2,1,25,55,13,42,30,60,6,8,33,52,28,52,32,57,33,48,29,47,34,54,50,48,39,47,33,48,2.83,2.6,1.67,2.33,3,3,1.4,1.25,1,1,3,2,1,44,5,3,2,48,4,2,3,2,2,2,3,2,4,4,4,4,4,2,4,2,2,2,75,1,1,3,3,3,3,3,3,2,0.28,0.57
171,1640,1,1,23,52,19,51,25,54,1,8,28,47,24,48,32,56,36,51,24,43,33,54,45,45,37,45,38,55,2.5,2.6,2.33,3.17,3.5,3.2,1.4,1.25,1,2,5,1,1,7,5,3,2,49,4,2,1,2,1,1,1,2,3,4,2,3,3,4,4,3,2,2,40,1,1,2,3,3,3,3,3,7,0.4,0.83
172,2366,2,1,22,51,16,47,24,53,4,6,27,46,24,48,27,51,32,47,29,48,32,52,51,48,47,54,40,57,2.83,3,3,3.83,3.75,3.8,1.8,1.25,1,2,4,1,1,40,9,6,2,59,5,2,3,2,3,2,3,2,4,4,3,3,3,2,3,3,3,3,60,1,2,3,2,3,3,3,3,5,1.39,0.38
173,1208,1,1,23,52,19,51,25,54,7,8,52,65,32,56,37,62,61,65,35,53,37,58,74,62,45,52,41,58,3.67,2.6,4,2.83,3.25,2.8,1.6,1.25,2,2,4,1,1,0,3,5,2,46,3,1,3,2,2,2,2,2,3,4,4,4,4,3,2,2,2,4,150,2,1,3,3,3,2,3,3,7,0.05,0.46
174,1786,1,1,65,81,25,59,31,62,3,4,76,78,51,72,41,68,81,77,55,70,45,70,80,66,60,70,46,69,3.5,3.6,3.33,2.67,3.33,2.8,1.8,1.25,1,2,6,1,1,9,8,5,2,51,5,1,2,1,2,3,1,1,5,4,2,3,3,4,4,3,3,4,200,2,1,3,3,3,3,3,3,7,0.63,0.29
175,2464,2,2,48,73,40,72,29,58,8,8,53,65,49,70,36,61,67,68,53,69,40,62,81,67,58,65,46,69,3.33,2.6,2.33,3.17,3.25,3.8,1,1.25,1,2,5,1,1,0,8,8,2,62,5,1,3,1,3,3,3,2,6,3,3,3,3,3,3,2,4,2,20,2,1,3,3,3,3,3,3,7,1.68,0.67
176,2375,2,1,27,57,23,56,26,55,7,6,32,52,25,50,30,54,37,51,35,53,38,59,57,52,50,57,41,58,3.33,3.2,3.67,3.5,3,2.8,2,1.5,1,2,4,1,1,20,9,7,2,59,5,1,2,2,3,2,2,2,4,4,1,4,1,4,4,2,2,2,100,2,2,3,3,3,3,3,3,7,1.41,0.7
177,1838,1,3,16,42,22,55,33,63,8,7,19,35,30,54,27,50,29,43,30,49,35,56,41,42,35,43,38,54,2.5,1.8,4,4,4,4,1,1,2,1,6,1,2,0,5,6,2,51,4,1,1,1,1,1,1,1,6,3,3,4,3,1,4,2,4,3,80,1,2,3,3,3,3,3,3,6,0.59,0.18
178,1970,1,7,26,56,23,57,24,53,6,6,36,55,34,58,35,60,41,54,34,53,34,55,70,60,44,52,40,57,3.67,2.6,4,3.5,2.75,2.6,2,1.5,1,2,4,1,1,37,6,5,2,53,5,1,2,1,2,1,1,1,6,4,4,2,2,2,2,2,1,2,200,1,1,3,1,3,3,3,3,7,0.83,0.45
179,2255,1,1,36,66,39,72,31,61,7,8,36,56,42,65,33,58,38,52,47,64,42,66,76,63,59,68,41,59,3.17,2.6,3,3.17,4,4,1,1,1,2,4,1,1,40,8,6,2,57,5,1,3,2,3,5,3,3,4,4,1,4,2,4,4,2,2,2,150,1,1,3,3,3,2,3,3,7,1.21,0.09
180,1611,2,5,24,53,15,44,15,42,4,7,25,44,23,47,20,43,36,51,29,47,20,38,63,56,35,43,27,41,3.83,1.6,4,3.33,3,3.4,1.8,1.75,1,2,5,1,1,12,6,5,2,49,4,2,2,2,3,2,1,2,5,3,3,3,3,4,3,3,3,3,100,2,1,2,3,3,3,3,3,7,0.4,0.98
181,2176,2,5,42,70,30,63,33,63,8,1,64,71,45,68,36,61,71,70,47,64,41,64,78,65,51,57,44,63,3.5,3,3,3.83,3.5,3.4,1.2,1.5,2,1,4,1,1,0,8,6,2,55,5,1,3,2,2,2,2,1,6,4,4,4,4,4,3,2,2,4,30,2,1,3,3,3,3,3,3,7,1.04,0.59
182,1827,2,1,30,60,19,51,31,62,5,3,38,57,23,47,33,57,40,53,30,49,36,57,58,52,45,53,43,62,2.5,2.6,3,3.33,3.5,3.2,1.8,1.75,2,2,4,1,1,0,5,5,2,51,5,2,3,2,2,2,3,2,4,4,4,4,4,2,3,2,1,3,200,2,1,3,3,3,3,3,3,7,0.62,0.82
183,2441,2,1,33,63,27,61,26,56,7,8,58,68,43,66,36,61,71,70,44,61,33,54,80,66,57,64,43,61,3.67,3.4,4,4,3.25,3.4,1.2,1.25,1,1,4,1,1,35,9,6,2,61,5,1,1,2,1,2,2,1,4,3,2,4,2,2,3,1,2,2,200,1,1,3,3,3,3,3,3,7,1.63,0.66
184,599,1,1,14,39,19,51,25,54,6,8,36,55,36,60,30,54,37,51,34,52,32,52,49,47,44,52,34,49,3.83,3.8,4,2.67,3,2.6,1.4,2,2,2,4,1,2,0,5,2,2,42,2,1,1,1,1,1,1,1,3,4,4,4,4,4,4,4,4,4,40,1,1,3,3,3,3,3,3,7,-0.32,0.21
185,860,1,1,26,56,22,55,22,51,9,8,35,55,31,55,24,47,53,61,43,61,34,55,70,60,53,60,30,45,3.67,3.4,3.67,3,3.25,2.75,1.8,1,2,2,5,1,1,0,3,5,2,44,3,2,2,2,2,2,2,2,4,4,3,3,2,2,2,1,2,1,100,2,1,3,3,3,3,3,3,3,-0.08,0.59
186,21,1,7,19,47,18,49,12,35,5,8,35,54,24,49,21,43,31,46,23,41,20,38,56,52,44,52,28,43,3.17,2.4,3.67,2.83,2.5,2.8,2.2,1.33,1,1,6,1,1,20,2,3,2,34,1,1,2,2,2,2,3,2,2,4,2,2,3,3,3,2,4,2,40,1,2,3,3,3,3,3,3,7,-1.07,0.1
187,564,2,1,26,56,22,56,26,56,5,8,38,57,37,61,38,63,34,49,38,56,37,58,62,55,51,58,41,59,3.67,3.2,4,3.33,3.5,2.6,1,1.25,1,2,6,1,1,5,3,4,2,42,3,2,4,2,2,1,2,2,4,4,2,3,3,3,2,2,3,2,200,2,1,3,3,3,3,3,3,7,-0.29,0.9
188,254,1,1,15,40,18,50,20,48,4,2,24,42,18,40,23,46,33,48,24,43,27,47,51,49,39,46,35,50,2.5,2.8,2.33,2.5,2.5,2.4,1.8,1.5,1,2,4,1,1,12,3,3,2,39,2,1,3,2,2,2,3,3,3,3,1,3,1,3,2,1,1,3,200,1,2,3,2,3,3,3,3,2,-0.59,0.12
189,1460,1,1,40,68,23,57,28,57,7,8,50,64,36,60,35,60,60,65,37,55,40,62,68,58,49,56,41,58,3.17,2.8,3.33,3,2.5,2.2,1.6,1.5,1,1,3,2,2,7,5,6,2,48,4,1,2,1,2,1,2,2,5,4,4,4,3,3,3,2,3,2,200,2,1,3,3,3,3,3,3,3,0.34,0.08
190,489,1,1,23,52,18,50,26,55,4,6,34,54,26,51,25,48,37,51,34,53,32,52,57,52,44,52,35,51,2.83,3.2,3,2.33,2.5,2.6,1.8,1.25,1,2,6,1,1,30,3,3,2,41,2,1,2,1,2,1,2,2,4,4,2,2,3,3,3,2,2,3,35,2,1,3,3,3,3,3,3,4,-0.43,0.97
191,513,2,2,30,60,27,61,22,50,8,6,34,54,32,56,29,53,34,49,27,46,33,54,49,47,45,53,35,50,3.5,2.6,3.67,2.83,3.5,2.75,1,1,1,2,7,1,1,0,1,3,1,41,2,1,2,2,2,2,2,1,6,2,4,4,1,1,4,2,2,3,140,1,2,3,3,3,3,3,3,2,-0.39,0.75
192,40,1,2,16,42,10,34,19,46,5,8,21,38,19,41,16,36,26,39,24,42,19,36,28,29,31,38,25,40,3,3.2,4,3.67,2.5,2.8,1.4,1,2,2,5,1,1,0,3,3,2,35,1,1,2,3,2,2,3,2,3,2,2,2,1,4,3,2,4,4,40,1,1,2,3,2,3,3,3,3,-0.96,0.7
193,783,2,1,17,44,20,52,25,55,6,8,32,52,26,50,33,57,34,49,38,56,36,57,68,58,46,53,39,56,3.5,3,3.33,2,2,1.8,2.6,1.25,1,1,3,2,1,26,5,3,2,43,3,1,3,1,2,2,3,2,2,3,1,3,2,3,2,3,2,2,100,2,2,2,3,3,3,3,3,6,-0.22,0.64
194,2573,1,1,21,50,15,45,23,52,4,8,24,42,32,56,24,46,34,49,37,55,26,45,50,48,49,56,34,49,2.67,3.4,3.67,3,3.25,3,1.6,1,1,1,5,1,1,20,9,9,2,70,5,2,4,2,2,2,3,2,4,2,2,3,2,3,3,2,2,3,200,2,2,2,3,3,3,3,3,7,2.47,0.89
195,2410,1,1,23,52,25,60,29,59,8,8,38,57,31,55,34,59,42,55,38,57,41,64,66,57,48,55,38,54,2.67,2.8,3,3.5,3.75,3.75,1,1.33,1,2,4,1,1,6,6,8,2,60,5,1,3,2,3,2,2,1,4,3,3,2,2,3,3,2,4,4,150,2,1,3,3,3,3,3,3,5,1.46,0.65
196,996,2,1,22,51,18,50,25,54,5,6,37,56,30,54,31,55,36,50,32,51,31,51,60,54,51,58,38,54,3.67,3.4,3.33,3.83,4,3.8,1,2,1,2,4,1,1,45,5,3,2,44,3,1,4,4,2,2,3,2,4,3,3,4,2,4,2,4,2,2,100,2,2,3,3,3,3,3,3,7,-0.1,0.61
197,1645,1,1,22,50,16,46,33,63,5,5,31,51,21,45,32,56,33,48,23,41,34,55,40,42,44,52,38,54,3.5,3.2,3.33,3.67,3.5,4,2,1.25,1,2,4,1,1,0,5,5,2,49,4,1,3,1,1,1,2,1,4,2,2,3,3,4,3,2,2,3,150,1,2,3,3,3,3,3,3,7,0.39,0.88
198,2143,1,1,26,56,29,63,23,51,6,7,39,57,35,59,37,62,39,53,40,58,28,48,73,61,53,59,39,56,3.17,3.4,3.33,3.17,2.5,2.4,2.2,1.5,1,2,3,2,1,30,6,8,2,55,5,1,2,2,2,2,2,2,4,4,4,2,3,3,3,2,3,2,200,2,2,2,3,3,3,3,3,7,1.02,0.66
199,495,1,1,16,41,17,48,17,44,3,7,20,37,20,42,18,40,28,42,21,39,25,45,40,42,39,47,30,45,2.5,1,2.33,2,2.25,2.2,2.2,1,1,1,8,1,1,16,4,3,2,41,2,1,1,1,2,1,1,1,6,3,3,4,2,4,4,2,3,4,50,2,1,3,3,3,3,3,3,2,-0.42,0.65
200,2526,1,1,22,50,21,55,24,53,6,8,27,46,20,43,30,54,34,49,28,47,35,56,30,31,34,42,38,55,2.17,2.8,2.33,2.83,3.25,3.4,1.8,1.25,2,2,3,2,1,0,9,5,2,64,5,2,1,2,2,1,2,2,6,4,4,4,4,3,3,4,3,2,80,1,2,3,3,3,3,3,3,2,1.87,0.41
201,1440,2,1,22,51,16,46,26,55,7,8,24,42,20,43,28,51,36,51,29,47,33,54,41,42,39,47,40,57,3,2.6,3.67,2.5,3.25,2.4,2.2,2,1,2,5,1,1,6,3,5,2,48,4,1,3,1,1,1,3,1,4,3,3,4,3,4,3,4,3,4,75,1,1,3,3,3,3,3,3,7,0.32,0.58
202,1337,1,1,23,52,24,58,19,47,6,3,42,60,36,60,22,45,47,58,42,60,28,47,56,52,52,59,31,46,3.33,3.2,3.67,2.83,2.5,2.8,1.8,1.25,1,1,7,1,1,25,8,5,2,47,4,1,2,2,3,2,3,2,3,4,3,2,2,4,3,4,2,3,50,1,1,3,3,3,3,3,3,7,0.23,0.16
203,658,1,1,25,55,25,59,36,67,6,4,37,56,35,59,39,64,43,55,43,60,42,66,65,56,49,56,46,68,2.67,3.2,2.67,1.83,2,2,2.4,2,1,2,3,2,1,40,3,3,2,42,3,2,4,2,2,1,3,1,5,3,3,1,1,4,3,4,2,2,40,1,1,2,3,3,3,3,3,2,-0.3,0.15
204,537,1,1,20,48,21,54,33,63,5,8,26,45,35,58,33,58,35,50,32,51,41,63,54,50,52,59,37,53,2.33,3.2,2.67,3.67,3.5,3.2,1.6,1.25,2,1,4,1,1,42,3,3,2,41,2,1,3,2,2,2,3,2,2,3,2,2,2,3,3,2,2,2,150,2,2,3,3,3,3,3,3,6,-0.38,0.67
205,2334,1,1,23,52,19,51,29,59,8,5,31,50,30,54,33,57,37,51,34,52,36,57,60,54,45,52,39,56,2.17,2.4,4,3,2.33,2.4,2.2,1.25,1,2,4,1,1,50,6,8,2,58,5,1,1,1,1,1,1,1,4,3,3,2,3,3,3,2,2,3,75,1,1,3,3,3,3,3,3,0,1.26,0.85
206,234,1,1,21,49,18,49,22,50,5,6,32,52,24,48,23,46,38,52,35,54,23,42,54,50,45,52,31,46,3,2.8,3.67,2.33,3,2.4,1,2,2,2,7,1,1,0,3,3,2,39,2,1,2,2,3,3,3,2,3,3,3,2,4,2,3,1,2,3,40,1,1,3,3,3,3,3,3,5,-0.6,0.97
207,2086,1,1,28,58,39,72,31,61,9,7,42,60,45,68,40,66,51,60,46,63,43,67,65,57,53,60,48,73,2.67,3.2,3.33,4,4,4,1,1,2,2,6,1,1,0,5,6,2,54,5,1,4,1,1,1,4,1,4,3,3,4,2,2,3,2,3,4,150,2,2,2,2,3,3,3,3,2,0.91,0.96
208,554,1,1,14,37,15,44,24,54,7,6,16,30,18,40,26,50,29,44,25,44,31,51,50,48,38,46,35,51,3.67,3.2,3.67,3,3.25,3.2,1,1.5,1,2,6,1,1,4,3,3,2,42,2,1,3,2,2,2,3,1,4,4,4,2,4,4,3,2,3,4,60,1,2,3,3,3,3,3,3,7,-0.35,0.84
209,1830,2,1,31,61,24,58,34,64,6,4,36,55,32,56,37,63,38,52,32,51,42,65,51,49,41,49,41,59,3.17,2.8,3,3.17,3.5,3.4,1.4,2.5,1,2,4,1,2,70,6,6,2,51,5,2,1,1,2,1,1,2,4,4,2,4,3,3,3,1,2,4,50,1,2,2,3,3,3,3,3,5,0.64,0.77
210,1118,1,1,21,49,18,49,32,62,6,8,26,44,33,57,30,54,36,50,36,54,36,57,51,48,38,46,38,54,3,3,3,2.83,3,3,1.2,1,1,2,5,1,1,30,5,5,2,45,3,2,3,2,2,2,2,1,4,3,2,1,2,3,2,2,2,3,75,2,1,3,3,3,3,3,3,7,0.03,0.82
211,968,2,3,23,52,20,53,22,50,6,2,46,62,44,67,30,54,66,68,44,61,32,52,69,59,41,49,35,51,2.83,3.6,2.33,2.33,2.25,2.2,2.2,1.25,1,2,4,1,1,43,5,3,2,44,3,2,3,2,5,2,2,1,4,3,2,4,2,3,4,3,1,2,75,1,2,3,3,3,3,3,3,2,-0.06,0.1
212,1948,1,1,23,53,21,54,27,57,6,8,35,55,25,49,33,57,31,46,30,48,30,50,60,53,43,50,39,55,3,2.8,2.33,3.33,3.5,3.6,1,2,1,2,4,1,1,12,5,6,2,53,5,1,3,2,2,2,3,2,4,4,3,2,3,3,4,3,4,3,50,2,1,3,3,3,3,3,3,7,0.75,0.92
213,1266,2,2,35,65,29,62,36,67,6,8,39,58,28,52,27,51,55,62,32,50,32,52,69,59,38,46,34,50,3.67,3.4,3.67,2.67,2.5,2.6,1.6,1.25,1,2,3,2,1,62,5,5,2,46,4,2,2,1,2,1,2,1,4,3,3,4,2,4,3,1,2,3,25,1,2,2,3,3,3,3,3,5,0.07,0.48
214,1162,2,1,35,65,34,67,37,69,8,8,46,62,39,63,42,70,49,59,49,65,45,72,75,62,58,66,44,63,3.33,3.2,3,3.33,3.5,3.8,1,1.5,1,2,4,1,1,12,6,5,2,46,4,1,4,2,3,3,3,2,4,3,4,4,1,4,2,4,4,4,150,1,2,3,3,3,3,3,3,7,0.1,0.81
215,35,2,1,18,44,15,45,26,56,7,8,39,58,42,65,27,51,41,54,41,58,28,47,49,48,52,59,41,58,3.17,2,2.33,2,2.25,2.2,2,2,1,2,6,1,1,20,6,5,2,35,1,1,3,2,2,1,3,1,4,4,2,3,3,4,3,2,2,3,100,2,2,3,3,3,3,3,3,7,-1.01,0.68
216,1519,2,1,18,45,16,47,23,51,3,8,24,42,21,44,34,59,33,47,23,41,31,52,51,48,41,49,42,60,2.5,2.8,3,3,3,3.4,1.4,1.5,1,2,3,2,1,46,6,6,2,48,4,1,4,2,3,2,2,2,4,4,2,2,2,3,3,2,2,2,50,1,2,3,3,3,3,3,3,7,0.29,0.35
217,757,2,1,29,59,20,52,30,60,9,8,62,70,44,67,39,64,66,68,34,52,38,59,77,64,50,57,41,59,2.83,3,3,3.83,3.5,3,1.6,1,1,2,4,1,1,40,5,3,2,43,3,1,2,2,2,2,3,2,3,4,2,2,4,3,3,2,2,3,200,1,1,3,3,3,3,3,3,7,-0.19,0.86
218,1262,1,3,25,55,21,55,29,59,7,7,33,52,35,58,32,57,38,52,39,57,35,56,50,48,48,55,36,51,3,2.8,3.67,2.17,2.5,2.4,1.6,1,1,2,5,1,1,50,5,6,2,46,4,1,2,1,2,2,2,1,4,3,3,4,3,4,3,2,2,3,25,1,1,3,3,3,3,3,3,4,0.13,0.21
219,2251,1,1,43,70,57,86,38,70,7,8,73,76,52,73,46,76,72,71,59,75,46,72,85,72,61,71,49,78,3.5,3,3.67,3.83,3.5,3.8,1,1.5,1,2,5,1,1,9,6,8,2,57,5,1,1,1,1,2,2,1,5,4,3,3,2,3,3,2,2,4,200,1,1,3,3,3,3,3,3,7,1.16,0.66
220,96,1,1,20,48,11,38,21,49,3,7,25,44,21,44,26,50,27,41,19,36,22,40,36,38,32,39,27,41,2.83,1.6,3,1.5,2.25,1.6,3.8,2,1,1,4,1,1,42,3,2,2,37,1,1,3,1,2,3,2,2,3,2,4,2,3,2,2,2,2,2,20,1,2,3,1,3,3,3,3,2,-0.77,0.85
221,672,1,1,16,41,16,47,21,49,4,7,34,53,23,46,24,47,30,45,27,45,35,55,29,30,43,51,38,55,3.67,3,3.33,3.83,3.75,4,1.2,1.67,1,1,5,1,1,27,3,5,2,42,3,1,4,2,3,2,4,2,4,4,3,4,3,4,4,2,4,4,200,1,2,3,3,3,3,3,3,5,-0.26,0.56
222,1159,1,1,19,46,22,56,32,63,8,7,27,46,26,50,35,60,28,43,30,48,35,56,47,46,45,52,39,56,3.67,3.2,4,3.33,3.75,3.25,1,2,1,2,4,1,1,21,5,3,2,46,4,1,3,1,1,1,3,1,4,3,3,2,3,2,2,1,3,3,50,1,2,2,3,3,3,3,3,5,0.07,0.14
223,1134,2,5,16,41,17,48,24,53,5,7,20,37,21,44,25,48,21,33,22,40,25,44,34,36,26,33,36,51,3,2.8,4,2.83,3.5,3.5,2.2,1.5,1,2,4,1,1,30,3,3,2,45,3,2,4,2,1,2,1,2,4,2,2,4,2,4,3,3,4,3,40,2,2,3,3,3,3,3,3,7,0.01,0.05
224,1032,2,1,19,46,25,59,20,48,7,8,30,50,28,52,27,51,30,45,37,55,35,56,46,45,46,54,32,47,3,3,3.67,3.17,3.25,3.25,1.2,1,2,2,4,1,1,40,5,3,2,45,3,2,3,3,1,1,1,3,4,3,3,3,3,2,2,3,2,2,200,2,2,3,3,3,3,3,3,0,-0.03,0.25
225,1030,2,1,19,46,15,44,15,41,5,8,30,49,24,49,20,42,33,48,31,49,29,48,50,48,43,51,36,51,3.17,2.2,3,3.83,4,4,1.2,1,2,2,5,1,1,0,3,3,2,45,3,1,1,1,1,1,1,2,4,4,4,4,4,4,3,1,2,4,100,1,2,2,2,3,3,3,2,3,-0.03,0.06
226,439,1,1,24,53,22,56,23,52,5,8,32,52,25,49,27,51,35,50,35,54,26,45,49,48,48,55,39,56,2.5,3.2,3.67,2.5,2.5,2.6,3.6,1.75,1,2,4,1,1,40,3,3,2,41,2,2,3,1,3,1,1,1,4,2,3,3,2,2,3,1,1,2,50,2,1,3,3,3,3,3,3,7,-0.38,0.54
227,2223,1,1,32,63,23,57,29,59,9,6,42,60,34,58,37,63,35,50,36,54,38,59,73,61,49,56,40,57,2.83,3,2.33,2.67,3.25,2.5,1,1.75,1,2,4,1,1,20,6,8,2,56,5,1,3,2,2,2,3,2,4,4,3,2,4,4,4,4,3,2,100,2,1,3,3,3,3,3,3,7,1.08,0.97
228,342,1,2,35,65,22,56,28,58,4,8,36,55,25,49,26,50,52,60,37,55,41,64,72,61,43,51,44,64,2.83,2.8,3.67,3.67,2.75,2.6,1.4,2.25,1,2,5,1,1,60,3,3,2,40,2,1,2,2,2,1,2,1,4,4,3,2,3,4,2,2,4,2,50,1,1,3,3,2,3,3,3,7,-0.55,0.46
229,2369,2,1,81,90,38,71,39,71,7,8,67,72,43,66,41,68,86,82,50,66,44,69,86,73,56,63,47,70,3.5,3.4,3.33,3.67,4,3.2,1,2.75,1,2,4,1,1,7,7,6,2,59,5,1,1,2,1,1,2,2,5,4,3,3,3,2,3,3,2,3,80,1,1,3,3,3,3,3,3,7,1.37,0.74
230,1910,2,1,43,70,18,50,26,56,5,5,55,67,41,64,33,57,54,61,43,61,36,57,75,62,54,61,44,64,2.83,3.2,3.33,3.5,3.75,3.6,1,1.25,1,2,4,1,1,12,5,5,2,52,5,1,2,2,2,2,2,1,4,3,3,3,3,3,2,2,2,2,70,2,1,3,3,3,3,3,3,7,0.7,0.62
231,517,1,1,21,49,16,47,14,39,4,6,31,51,24,49,22,45,35,50,26,45,29,49,47,46,36,44,31,46,2.5,2.6,3.67,2.33,3,3,1.6,1,1,2,4,1,1,40,2,2,2,41,2,1,2,1,3,1,1,1,3,3,3,2,2,1,3,1,2,2,100,2,2,3,3,3,3,3,3,7,-0.45,0.61
232,743,2,1,21,50,18,49,24,53,3,8,30,50,22,46,19,40,37,51,28,46,32,53,61,54,41,49,32,47,3.17,3.6,3.67,3,3.5,3.5,1,2,1,2,4,1,1,9,4,3,2,43,3,1,1,2,1,1,1,3,4,2,1,2,1,2,2,1,1,2,30,1,2,3,3,3,3,3,3,1,-0.18,0.56
233,620,1,3,19,46,25,59,21,49,9,6,39,58,37,60,31,55,40,53,40,58,30,49,65,57,50,57,41,58,3.33,2.8,2.67,1.67,1.75,2.2,1,1.25,1,2,6,2,1,88,3,3,2,42,2,1,3,2,3,2,2,2,4,2,4,3,3,3,4,4,2,4,100,1,2,3,3,3,3,3,3,2,-0.34,0.05
234,1224,2,1,20,48,17,47,20,48,6,7,29,48,24,48,27,51,39,53,31,49,27,46,57,52,41,49,27,42,2.17,2.4,2.67,2.33,2.33,2.6,2,1.25,1,1,6,5,1,80,5,5,2,46,3,1,3,2,3,2,3,2,4,2,2,2,2,1,2,3,2,2,50,1,2,3,3,3,3,3,3,5,0.06,0.21
235,477,1,1,16,41,14,43,23,51,1,6,26,45,19,41,18,40,24,37,19,35,26,46,29,30,25,31,29,44,3.33,3.4,3.33,2.67,3.5,3.4,2.6,2,1,2,3,2,1,54,3,2,2,41,2,1,2,1,1,1,2,1,3,3,3,4,3,4,3,2,3,3,30,1,1,3,3,3,3,3,3,4,-0.44,0.86
236,1530,2,1,31,62,23,57,24,53,8,8,31,51,25,50,34,59,37,51,31,49,34,55,67,58,51,57,36,52,2.67,2.8,3,2.83,2.75,2.5,1.6,2,1,2,3,2,1,50,8,1,1,48,4,1,2,2,2,2,2,2,5,4,4,2,4,3,4,2,2,3,50,1,1,3,3,3,3,3,3,1,0.29,0.31
237,649,1,1,13,35,20,52,16,43,6,7,22,39,21,45,24,47,30,44,27,46,26,45,51,49,42,50,31,46,2.83,3.4,3.33,2.5,3,3,3,2.25,1,2,5,1,1,9,3,3,2,42,2,1,3,2,3,3,3,2,2,4,4,4,2,4,3,2,3,4,200,1,1,3,3,3,3,3,3,5,-0.33,0.24
238,957,1,1,25,55,18,51,30,60,6,8,39,58,34,58,29,53,41,54,32,50,36,58,75,63,52,59,43,63,2.83,2.8,4,2.33,2.25,2.8,2.4,2,1,2,4,1,1,40,5,3,2,44,3,1,2,1,2,2,3,1,4,2,3,4,3,4,3,3,3,3,30,1,1,3,3,3,3,3,3,7,-0.12,0.83
239,1958,1,1,21,49,22,56,30,60,3,4,45,61,33,57,37,62,45,56,39,57,32,53,69,59,53,60,45,65,2.83,3,4,3.5,3.5,3.4,1,2,1,2,5,1,1,6,6,6,2,53,5,2,3,2,3,3,3,2,4,4,3,4,2,4,3,3,3,4,150,2,1,3,3,3,3,3,3,7,0.78,0.24
240,1018,2,1,23,52,14,43,18,45,6,8,33,52,22,46,21,44,37,51,25,44,30,50,62,55,42,49,33,49,3.5,2.6,4,2.33,3.25,2.4,1.6,2,1,2,4,1,1,45,5,3,2,45,3,1,3,2,4,2,2,2,3,4,4,4,4,4,4,2,1,3,100,1,1,3,3,3,3,3,3,2,0.04,0.61
241,594,2,1,20,48,19,51,16,43,6,7,23,41,27,51,22,44,33,48,29,48,32,52,51,48,41,49,39,55,3,3.2,2.67,3,3.25,3.2,1.4,2,1,1,5,1,1,16,5,3,2,42,2,1,1,1,3,1,1,1,3,4,2,2,1,4,3,1,1,2,100,2,1,3,3,3,2,3,3,0,-0.31,0.39
242,2000,2,3,14,37,11,38,24,53,4,7,30,50,21,45,31,55,34,49,32,50,38,60,41,42,33,40,40,57,3.83,2.8,4,2.83,2.25,2.4,2.4,2,1,2,4,2,1,20,5,6,2,53,5,1,2,1,1,1,1,1,5,3,3,3,3,3,3,3,2,3,50,1,1,3,3,3,3,3,3,2,0.83,0.76
243,514,1,1,20,48,17,48,23,52,5,7,21,37,22,46,27,51,29,43,24,42,27,46,40,41,40,48,38,55,2.67,3.2,3.33,3.5,3.67,3.25,1.4,1,2,2,4,1,1,0,3,3,2,41,2,1,1,2,2,1,1,1,5,3,2,2,3,3,2,1,4,2,75,1,2,3,3,3,3,3,3,7,-0.45,0.94
244,436,1,1,19,47,19,52,16,42,7,4,33,53,24,48,20,42,40,54,34,53,20,38,67,58,52,58,31,46,3.33,2.8,3,3.33,3,2.4,1.6,2,2,2,5,1,1,0,3,3,2,41,2,2,2,1,1,2,1,1,2,4,2,2,3,2,3,2,3,3,100,2,1,3,3,3,3,3,3,3,-0.44,0.43
245,51,2,1,25,55,17,48,21,50,7,6,50,64,32,56,29,53,69,69,31,50,32,53,77,64,39,47,41,59,2.67,2.8,3.33,3.83,3.25,3.8,1,1.5,2,2,4,1,1,40,3,3,2,36,1,1,1,2,2,2,2,2,3,3,3,4,2,3,2,2,1,2,30,2,1,3,3,3,3,3,3,7,-0.91,0.56
246,1085,1,1,17,44,17,48,25,55,7,7,34,53,34,58,34,59,41,54,40,58,37,58,61,54,50,57,44,64,2.67,3.6,2.67,3,3.5,3,1.2,2.25,2,2,5,1,1,0,3,3,2,45,3,1,4,2,2,2,3,2,4,4,2,1,2,3,4,3,3,3,50,2,1,3,3,3,3,3,3,7,-0.04,0.53
247,692,1,6,20,48,13,42,18,46,2,2,27,46,26,51,28,51,29,43,24,42,29,49,54,50,40,48,37,52,3.67,1.8,4,2.17,2.25,2.75,2.4,1.5,1,2,4,1,1,60,5,3,2,43,3,1,4,2,4,2,5,2,5,3,3,3,3,4,4,3,3,3,50,1,1,3,3,3,3,3,3,1,-0.22,0.7
248,441,2,1,19,47,15,45,21,49,5,8,23,41,18,40,22,44,31,46,28,46,25,44,46,46,42,50,28,42,3.5,3,2.33,2.83,3.75,2.8,1,1.75,1,2,3,2,1,49,3,2,2,41,2,1,4,2,2,2,3,2,2,3,3,1,1,4,3,1,1,2,50,1,2,3,3,3,3,3,3,4,-0.41,0.64
249,1557,1,1,21,49,19,52,25,54,6,8,38,57,37,60,38,63,46,57,36,54,40,62,72,61,49,56,44,63,2.17,3,3,2.33,3.5,2.6,1,2.5,2,2,3,2,1,15,6,3,2,49,4,2,3,1,1,1,4,1,3,3,3,1,2,2,2,2,2,2,20,2,1,3,3,3,2,3,3,7,0.44,0.31
250,655,1,4,14,38,9,33,18,45,5,6,17,32,13,31,22,45,17,26,17,32,26,46,22,20,23,29,27,42,3.67,3.4,4,2.83,3,3,1.2,1,1,2,5,1,2,0,5,3,1,42,2,1,2,2,2,2,2,2,4,3,4,3,2,4,4,3,3,3,10,1,2,2,3,3,3,3,3,2,-0.33,0.14